condition,site,wildtype,mutation,mut_escape,site_total_escape,site_max_escape
LY-CoV1404 - BA2,331,N,A,0.01131,0.1167,0.01387
LY-CoV1404 - BA2,331,N,D,0.007872,0.1167,0.01387
LY-CoV1404 - BA2,331,N,E,0.01387,0.1167,0.01387
LY-CoV1404 - BA2,331,N,G,0.006074,0.1167,0.01387
LY-CoV1404 - BA2,331,N,H,0.01243,0.1167,0.01387
LY-CoV1404 - BA2,331,N,K,0.0127,0.1167,0.01387
LY-CoV1404 - BA2,331,N,M,0.005007,0.1167,0.01387
LY-CoV1404 - BA2,331,N,P,0.0138,0.1167,0.01387
LY-CoV1404 - BA2,331,N,Q,0.005081,0.1167,0.01387
LY-CoV1404 - BA2,331,N,R,0.004445,0.1167,0.01387
LY-CoV1404 - BA2,331,N,S,0.01252,0.1167,0.01387
LY-CoV1404 - BA2,331,N,T,0.005574,0.1167,0.01387
LY-CoV1404 - BA2,331,N,V,0.006059,0.1167,0.01387
LY-CoV1404 - BA2,332,I,A,0.01162,0.1173,0.0126
LY-CoV1404 - BA2,332,I,C,0.004621,0.1173,0.0126
LY-CoV1404 - BA2,332,I,D,0.003916,0.1173,0.0126
LY-CoV1404 - BA2,332,I,E,0.004354,0.1173,0.0126
LY-CoV1404 - BA2,332,I,F,0.007527,0.1173,0.0126
LY-CoV1404 - BA2,332,I,G,0.004721,0.1173,0.0126
LY-CoV1404 - BA2,332,I,H,0.005495,0.1173,0.0126
LY-CoV1404 - BA2,332,I,K,0.003709,0.1173,0.0126
LY-CoV1404 - BA2,332,I,L,0.009205,0.1173,0.0126
LY-CoV1404 - BA2,332,I,M,0.005323,0.1173,0.0126
LY-CoV1404 - BA2,332,I,N,0.003765,0.1173,0.0126
LY-CoV1404 - BA2,332,I,P,0.00354,0.1173,0.0126
LY-CoV1404 - BA2,332,I,Q,0.0126,0.1173,0.0126
LY-CoV1404 - BA2,332,I,R,0.00519,0.1173,0.0126
LY-CoV1404 - BA2,332,I,S,0.004681,0.1173,0.0126
LY-CoV1404 - BA2,332,I,T,0.007801,0.1173,0.0126
LY-CoV1404 - BA2,332,I,V,0.005332,0.1173,0.0126
LY-CoV1404 - BA2,332,I,W,0.008554,0.1173,0.0126
LY-CoV1404 - BA2,332,I,Y,0.0054,0.1173,0.0126
LY-CoV1404 - BA2,333,T,A,0.004243,0.09643,0.0109
LY-CoV1404 - BA2,333,T,D,0.008187,0.09643,0.0109
LY-CoV1404 - BA2,333,T,E,0.008732,0.09643,0.0109
LY-CoV1404 - BA2,333,T,G,0.003799,0.09643,0.0109
LY-CoV1404 - BA2,333,T,H,0.004768,0.09643,0.0109
LY-CoV1404 - BA2,333,T,K,0.0109,0.09643,0.0109
LY-CoV1404 - BA2,333,T,L,0.007749,0.09643,0.0109
LY-CoV1404 - BA2,333,T,M,0.004277,0.09643,0.0109
LY-CoV1404 - BA2,333,T,N,0.00473,0.09643,0.0109
LY-CoV1404 - BA2,333,T,P,0.005834,0.09643,0.0109
LY-CoV1404 - BA2,333,T,Q,0.007375,0.09643,0.0109
LY-CoV1404 - BA2,333,T,R,0.008107,0.09643,0.0109
LY-CoV1404 - BA2,333,T,S,0.007068,0.09643,0.0109
LY-CoV1404 - BA2,333,T,V,0.006456,0.09643,0.0109
LY-CoV1404 - BA2,333,T,Y,0.004199,0.09643,0.0109
LY-CoV1404 - BA2,334,N,A,0.004957,0.1218,0.01546
LY-CoV1404 - BA2,334,N,C,0.004008,0.1218,0.01546
LY-CoV1404 - BA2,334,N,D,0.00377,0.1218,0.01546
LY-CoV1404 - BA2,334,N,E,0.005501,0.1218,0.01546
LY-CoV1404 - BA2,334,N,F,0.004888,0.1218,0.01546
LY-CoV1404 - BA2,334,N,G,0.009397,0.1218,0.01546
LY-CoV1404 - BA2,334,N,H,0.004711,0.1218,0.01546
LY-CoV1404 - BA2,334,N,I,0.008132,0.1218,0.01546
LY-CoV1404 - BA2,334,N,K,0.005258,0.1218,0.01546
LY-CoV1404 - BA2,334,N,L,0.01546,0.1218,0.01546
LY-CoV1404 - BA2,334,N,M,0.01193,0.1218,0.01546
LY-CoV1404 - BA2,334,N,P,0.005486,0.1218,0.01546
LY-CoV1404 - BA2,334,N,Q,0.00583,0.1218,0.01546
LY-CoV1404 - BA2,334,N,R,0.007286,0.1218,0.01546
LY-CoV1404 - BA2,334,N,S,0.005214,0.1218,0.01546
LY-CoV1404 - BA2,334,N,T,0.004808,0.1218,0.01546
LY-CoV1404 - BA2,334,N,V,0.006407,0.1218,0.01546
LY-CoV1404 - BA2,334,N,Y,0.008796,0.1218,0.01546
LY-CoV1404 - BA2,335,L,A,0.004986,0.1269,0.01585
LY-CoV1404 - BA2,335,L,C,0.01175,0.1269,0.01585
LY-CoV1404 - BA2,335,L,D,0.005313,0.1269,0.01585
LY-CoV1404 - BA2,335,L,E,0.0078,0.1269,0.01585
LY-CoV1404 - BA2,335,L,F,0.008035,0.1269,0.01585
LY-CoV1404 - BA2,335,L,G,0.01585,0.1269,0.01585
LY-CoV1404 - BA2,335,L,H,0.005287,0.1269,0.01585
LY-CoV1404 - BA2,335,L,I,0.005824,0.1269,0.01585
LY-CoV1404 - BA2,335,L,K,0.00783,0.1269,0.01585
LY-CoV1404 - BA2,335,L,M,0.003924,0.1269,0.01585
LY-CoV1404 - BA2,335,L,N,0.004235,0.1269,0.01585
LY-CoV1404 - BA2,335,L,P,0.006339,0.1269,0.01585
LY-CoV1404 - BA2,335,L,Q,0.005061,0.1269,0.01585
LY-CoV1404 - BA2,335,L,R,0.004532,0.1269,0.01585
LY-CoV1404 - BA2,335,L,S,0.004536,0.1269,0.01585
LY-CoV1404 - BA2,335,L,T,0.005335,0.1269,0.01585
LY-CoV1404 - BA2,335,L,V,0.006137,0.1269,0.01585
LY-CoV1404 - BA2,335,L,W,0.006884,0.1269,0.01585
LY-CoV1404 - BA2,335,L,Y,0.007202,0.1269,0.01585
LY-CoV1404 - BA2,337,P,A,0.004275,0.09352,0.01023
LY-CoV1404 - BA2,337,P,C,0.004881,0.09352,0.01023
LY-CoV1404 - BA2,337,P,D,0.005097,0.09352,0.01023
LY-CoV1404 - BA2,337,P,E,0.01023,0.09352,0.01023
LY-CoV1404 - BA2,337,P,G,0.004807,0.09352,0.01023
LY-CoV1404 - BA2,337,P,H,0.005808,0.09352,0.01023
LY-CoV1404 - BA2,337,P,I,0.005227,0.09352,0.01023
LY-CoV1404 - BA2,337,P,K,0.008023,0.09352,0.01023
LY-CoV1404 - BA2,337,P,L,0.006222,0.09352,0.01023
LY-CoV1404 - BA2,337,P,M,0.004438,0.09352,0.01023
LY-CoV1404 - BA2,337,P,N,0.003542,0.09352,0.01023
LY-CoV1404 - BA2,337,P,Q,0.005359,0.09352,0.01023
LY-CoV1404 - BA2,337,P,R,0.009187,0.09352,0.01023
LY-CoV1404 - BA2,337,P,S,0.00453,0.09352,0.01023
LY-CoV1404 - BA2,337,P,T,0.005439,0.09352,0.01023
LY-CoV1404 - BA2,337,P,V,0.006462,0.09352,0.01023
LY-CoV1404 - BA2,338,F,I,0.004628,0.02015,0.009254
LY-CoV1404 - BA2,338,F,L,0.006262,0.02015,0.009254
LY-CoV1404 - BA2,338,F,W,0.009254,0.02015,0.009254
LY-CoV1404 - BA2,339,D,A,0.009053,0.1209,0.01165
LY-CoV1404 - BA2,339,D,E,0.005062,0.1209,0.01165
LY-CoV1404 - BA2,339,D,F,0.006659,0.1209,0.01165
LY-CoV1404 - BA2,339,D,G,0.008829,0.1209,0.01165
LY-CoV1404 - BA2,339,D,H,0.005297,0.1209,0.01165
LY-CoV1404 - BA2,339,D,I,0.00762,0.1209,0.01165
LY-CoV1404 - BA2,339,D,K,0.004493,0.1209,0.01165
LY-CoV1404 - BA2,339,D,L,0.005228,0.1209,0.01165
LY-CoV1404 - BA2,339,D,M,0.004287,0.1209,0.01165
LY-CoV1404 - BA2,339,D,N,0.005625,0.1209,0.01165
LY-CoV1404 - BA2,339,D,P,0.01165,0.1209,0.01165
LY-CoV1404 - BA2,339,D,Q,0.004824,0.1209,0.01165
LY-CoV1404 - BA2,339,D,R,0.007826,0.1209,0.01165
LY-CoV1404 - BA2,339,D,S,0.005439,0.1209,0.01165
LY-CoV1404 - BA2,339,D,T,0.0095,0.1209,0.01165
LY-CoV1404 - BA2,339,D,V,0.006071,0.1209,0.01165
LY-CoV1404 - BA2,339,D,W,0.005128,0.1209,0.01165
LY-CoV1404 - BA2,339,D,Y,0.008353,0.1209,0.01165
LY-CoV1404 - BA2,340,E,A,0.005556,0.0731,0.01414
LY-CoV1404 - BA2,340,E,D,0.01343,0.0731,0.01414
LY-CoV1404 - BA2,340,E,K,0.004199,0.0731,0.01414
LY-CoV1404 - BA2,340,E,L,0.005728,0.0731,0.01414
LY-CoV1404 - BA2,340,E,M,0.01414,0.0731,0.01414
LY-CoV1404 - BA2,340,E,Q,0.005161,0.0731,0.01414
LY-CoV1404 - BA2,340,E,R,0.008867,0.0731,0.01414
LY-CoV1404 - BA2,340,E,S,0.004293,0.0731,0.01414
LY-CoV1404 - BA2,340,E,T,0.007248,0.0731,0.01414
LY-CoV1404 - BA2,340,E,V,0.004472,0.0731,0.01414
LY-CoV1404 - BA2,341,V,I,0.01467,0.02336,0.01467
LY-CoV1404 - BA2,341,V,L,0.008698,0.02336,0.01467
LY-CoV1404 - BA2,342,F,L,0.007705,0.0135,0.007705
LY-CoV1404 - BA2,342,F,M,0.005793,0.0135,0.007705
LY-CoV1404 - BA2,343,N,G,0.005039,0.005039,0.005039
LY-CoV1404 - BA2,344,A,E,0.01159,0.07067,0.0291
LY-CoV1404 - BA2,344,A,K,0.00455,0.07067,0.0291
LY-CoV1404 - BA2,344,A,N,0.005919,0.07067,0.0291
LY-CoV1404 - BA2,344,A,Q,0.007532,0.07067,0.0291
LY-CoV1404 - BA2,344,A,R,0.0291,0.07067,0.0291
LY-CoV1404 - BA2,344,A,S,0.01197,0.07067,0.0291
LY-CoV1404 - BA2,345,T,A,0.005881,0.05587,0.009742
LY-CoV1404 - BA2,345,T,D,0.003714,0.05587,0.009742
LY-CoV1404 - BA2,345,T,E,0.005634,0.05587,0.009742
LY-CoV1404 - BA2,345,T,H,0.009742,0.05587,0.009742
LY-CoV1404 - BA2,345,T,K,0.006478,0.05587,0.009742
LY-CoV1404 - BA2,345,T,N,0.004217,0.05587,0.009742
LY-CoV1404 - BA2,345,T,P,0.006173,0.05587,0.009742
LY-CoV1404 - BA2,345,T,Q,0.004792,0.05587,0.009742
LY-CoV1404 - BA2,345,T,R,0.004512,0.05587,0.009742
LY-CoV1404 - BA2,345,T,S,0.004731,0.05587,0.009742
LY-CoV1404 - BA2,346,R,A,0.0058,0.09822,0.01123
LY-CoV1404 - BA2,346,R,C,0.004755,0.09822,0.01123
LY-CoV1404 - BA2,346,R,D,0.01123,0.09822,0.01123
LY-CoV1404 - BA2,346,R,E,0.006124,0.09822,0.01123
LY-CoV1404 - BA2,346,R,F,0.007343,0.09822,0.01123
LY-CoV1404 - BA2,346,R,G,0.005251,0.09822,0.01123
LY-CoV1404 - BA2,346,R,H,0.004424,0.09822,0.01123
LY-CoV1404 - BA2,346,R,I,0.004446,0.09822,0.01123
LY-CoV1404 - BA2,346,R,K,0.004257,0.09822,0.01123
LY-CoV1404 - BA2,346,R,L,0.004628,0.09822,0.01123
LY-CoV1404 - BA2,346,R,M,0.004813,0.09822,0.01123
LY-CoV1404 - BA2,346,R,N,0.004345,0.09822,0.01123
LY-CoV1404 - BA2,346,R,Q,0.006073,0.09822,0.01123
LY-CoV1404 - BA2,346,R,S,0.006099,0.09822,0.01123
LY-CoV1404 - BA2,346,R,T,0.00452,0.09822,0.01123
LY-CoV1404 - BA2,346,R,V,0.005001,0.09822,0.01123
LY-CoV1404 - BA2,346,R,W,0.004567,0.09822,0.01123
LY-CoV1404 - BA2,346,R,Y,0.004543,0.09822,0.01123
LY-CoV1404 - BA2,347,F,W,0.004125,0.004125,0.004125
LY-CoV1404 - BA2,348,A,D,0.004993,0.05702,0.006636
LY-CoV1404 - BA2,348,A,E,0.0059,0.05702,0.006636
LY-CoV1404 - BA2,348,A,G,0.005153,0.05702,0.006636
LY-CoV1404 - BA2,348,A,H,0.00557,0.05702,0.006636
LY-CoV1404 - BA2,348,A,K,0.003872,0.05702,0.006636
LY-CoV1404 - BA2,348,A,N,0.006636,0.05702,0.006636
LY-CoV1404 - BA2,348,A,P,0.005344,0.05702,0.006636
LY-CoV1404 - BA2,348,A,Q,0.004262,0.05702,0.006636
LY-CoV1404 - BA2,348,A,R,0.004124,0.05702,0.006636
LY-CoV1404 - BA2,348,A,S,0.005071,0.05702,0.006636
LY-CoV1404 - BA2,348,A,Y,0.006092,0.05702,0.006636
LY-CoV1404 - BA2,349,S,A,0.00545,0.058,0.02135
LY-CoV1404 - BA2,349,S,D,0.01552,0.058,0.02135
LY-CoV1404 - BA2,349,S,H,0.02135,0.058,0.02135
LY-CoV1404 - BA2,349,S,N,0.01024,0.058,0.02135
LY-CoV1404 - BA2,349,S,P,0.005439,0.058,0.02135
LY-CoV1404 - BA2,350,V,I,0.0119,0.02427,0.01236
LY-CoV1404 - BA2,350,V,P,0.01236,0.02427,0.01236
LY-CoV1404 - BA2,351,Y,F,0.004271,0.04532,0.02318
LY-CoV1404 - BA2,351,Y,H,0.00801,0.04532,0.02318
LY-CoV1404 - BA2,351,Y,V,0.02318,0.04532,0.02318
LY-CoV1404 - BA2,351,Y,W,0.009864,0.04532,0.02318
LY-CoV1404 - BA2,352,A,C,0.006492,0.0744,0.00784
LY-CoV1404 - BA2,352,A,D,0.005205,0.0744,0.00784
LY-CoV1404 - BA2,352,A,E,0.003599,0.0744,0.00784
LY-CoV1404 - BA2,352,A,G,0.005513,0.0744,0.00784
LY-CoV1404 - BA2,352,A,H,0.005391,0.0744,0.00784
LY-CoV1404 - BA2,352,A,K,0.007823,0.0744,0.00784
LY-CoV1404 - BA2,352,A,M,0.006045,0.0744,0.00784
LY-CoV1404 - BA2,352,A,N,0.00784,0.0744,0.00784
LY-CoV1404 - BA2,352,A,Q,0.00409,0.0744,0.00784
LY-CoV1404 - BA2,352,A,R,0.004185,0.0744,0.00784
LY-CoV1404 - BA2,352,A,S,0.007268,0.0744,0.00784
LY-CoV1404 - BA2,352,A,T,0.004907,0.0744,0.00784
LY-CoV1404 - BA2,352,A,Y,0.006042,0.0744,0.00784
LY-CoV1404 - BA2,353,W,F,0.006349,0.02586,0.01951
LY-CoV1404 - BA2,353,W,Y,0.01951,0.02586,0.01951
LY-CoV1404 - BA2,354,N,A,0.003712,0.09042,0.01849
LY-CoV1404 - BA2,354,N,D,0.003975,0.09042,0.01849
LY-CoV1404 - BA2,354,N,E,0.006915,0.09042,0.01849
LY-CoV1404 - BA2,354,N,G,0.01042,0.09042,0.01849
LY-CoV1404 - BA2,354,N,H,0.00553,0.09042,0.01849
LY-CoV1404 - BA2,354,N,K,0.005157,0.09042,0.01849
LY-CoV1404 - BA2,354,N,Q,0.01767,0.09042,0.01849
LY-CoV1404 - BA2,354,N,R,0.005233,0.09042,0.01849
LY-CoV1404 - BA2,354,N,S,0.009055,0.09042,0.01849
LY-CoV1404 - BA2,354,N,T,0.004264,0.09042,0.01849
LY-CoV1404 - BA2,354,N,V,0.01849,0.09042,0.01849
LY-CoV1404 - BA2,356,K,A,0.01951,0.06816,0.01951
LY-CoV1404 - BA2,356,K,H,0.00486,0.06816,0.01951
LY-CoV1404 - BA2,356,K,I,0.004174,0.06816,0.01951
LY-CoV1404 - BA2,356,K,L,0.00511,0.06816,0.01951
LY-CoV1404 - BA2,356,K,M,0.003555,0.06816,0.01951
LY-CoV1404 - BA2,356,K,Q,0.008414,0.06816,0.01951
LY-CoV1404 - BA2,356,K,R,0.004686,0.06816,0.01951
LY-CoV1404 - BA2,356,K,S,0.004879,0.06816,0.01951
LY-CoV1404 - BA2,356,K,T,0.004184,0.06816,0.01951
LY-CoV1404 - BA2,356,K,V,0.004408,0.06816,0.01951
LY-CoV1404 - BA2,356,K,Y,0.004383,0.06816,0.01951
LY-CoV1404 - BA2,357,R,A,0.004858,0.0933,0.009877
LY-CoV1404 - BA2,357,R,C,0.006993,0.0933,0.009877
LY-CoV1404 - BA2,357,R,D,0.004873,0.0933,0.009877
LY-CoV1404 - BA2,357,R,E,0.007455,0.0933,0.009877
LY-CoV1404 - BA2,357,R,F,0.009877,0.0933,0.009877
LY-CoV1404 - BA2,357,R,H,0.004747,0.0933,0.009877
LY-CoV1404 - BA2,357,R,I,0.003735,0.0933,0.009877
LY-CoV1404 - BA2,357,R,K,0.004668,0.0933,0.009877
LY-CoV1404 - BA2,357,R,L,0.005947,0.0933,0.009877
LY-CoV1404 - BA2,357,R,M,0.007526,0.0933,0.009877
LY-CoV1404 - BA2,357,R,N,0.004551,0.0933,0.009877
LY-CoV1404 - BA2,357,R,P,0.005554,0.0933,0.009877
LY-CoV1404 - BA2,357,R,Q,0.004288,0.0933,0.009877
LY-CoV1404 - BA2,357,R,S,0.004407,0.0933,0.009877
LY-CoV1404 - BA2,357,R,T,0.004518,0.0933,0.009877
LY-CoV1404 - BA2,357,R,V,0.004817,0.0933,0.009877
LY-CoV1404 - BA2,357,R,Y,0.004491,0.0933,0.009877
LY-CoV1404 - BA2,358,I,F,0.004364,0.0217,0.005636
LY-CoV1404 - BA2,358,I,L,0.005636,0.0217,0.005636
LY-CoV1404 - BA2,358,I,M,0.004665,0.0217,0.005636
LY-CoV1404 - BA2,358,I,W,0.003838,0.0217,0.005636
LY-CoV1404 - BA2,358,I,Y,0.003197,0.0217,0.005636
LY-CoV1404 - BA2,359,S,A,0.005514,0.1055,0.0098
LY-CoV1404 - BA2,359,S,C,0.009654,0.1055,0.0098
LY-CoV1404 - BA2,359,S,D,0.007356,0.1055,0.0098
LY-CoV1404 - BA2,359,S,E,0.0098,0.1055,0.0098
LY-CoV1404 - BA2,359,S,F,0.005053,0.1055,0.0098
LY-CoV1404 - BA2,359,S,G,0.00894,0.1055,0.0098
LY-CoV1404 - BA2,359,S,H,0.004415,0.1055,0.0098
LY-CoV1404 - BA2,359,S,I,0.008167,0.1055,0.0098
LY-CoV1404 - BA2,359,S,K,0.004417,0.1055,0.0098
LY-CoV1404 - BA2,359,S,M,0.006624,0.1055,0.0098
LY-CoV1404 - BA2,359,S,N,0.009696,0.1055,0.0098
LY-CoV1404 - BA2,359,S,P,0.003928,0.1055,0.0098
LY-CoV1404 - BA2,359,S,Q,0.00348,0.1055,0.0098
LY-CoV1404 - BA2,359,S,R,0.00345,0.1055,0.0098
LY-CoV1404 - BA2,359,S,T,0.004926,0.1055,0.0098
LY-CoV1404 - BA2,359,S,V,0.005033,0.1055,0.0098
LY-CoV1404 - BA2,359,S,Y,0.005029,0.1055,0.0098
LY-CoV1404 - BA2,360,N,A,0.005103,0.03363,0.006979
LY-CoV1404 - BA2,360,N,D,0.005859,0.03363,0.006979
LY-CoV1404 - BA2,360,N,E,0.004483,0.03363,0.006979
LY-CoV1404 - BA2,360,N,G,0.004852,0.03363,0.006979
LY-CoV1404 - BA2,360,N,H,0.006979,0.03363,0.006979
LY-CoV1404 - BA2,360,N,S,0.006353,0.03363,0.006979
LY-CoV1404 - BA2,362,V,A,0.003808,0.08665,0.006294
LY-CoV1404 - BA2,362,V,C,0.004326,0.08665,0.006294
LY-CoV1404 - BA2,362,V,D,0.005385,0.08665,0.006294
LY-CoV1404 - BA2,362,V,E,0.004956,0.08665,0.006294
LY-CoV1404 - BA2,362,V,F,0.00581,0.08665,0.006294
LY-CoV1404 - BA2,362,V,H,0.005321,0.08665,0.006294
LY-CoV1404 - BA2,362,V,I,0.00567,0.08665,0.006294
LY-CoV1404 - BA2,362,V,K,0.005178,0.08665,0.006294
LY-CoV1404 - BA2,362,V,L,0.006294,0.08665,0.006294
LY-CoV1404 - BA2,362,V,M,0.005186,0.08665,0.006294
LY-CoV1404 - BA2,362,V,N,0.004395,0.08665,0.006294
LY-CoV1404 - BA2,362,V,Q,0.005182,0.08665,0.006294
LY-CoV1404 - BA2,362,V,R,0.004405,0.08665,0.006294
LY-CoV1404 - BA2,362,V,S,0.005443,0.08665,0.006294
LY-CoV1404 - BA2,362,V,T,0.005481,0.08665,0.006294
LY-CoV1404 - BA2,362,V,W,0.004202,0.08665,0.006294
LY-CoV1404 - BA2,362,V,Y,0.005612,0.08665,0.006294
LY-CoV1404 - BA2,363,A,C,0.008033,0.0881,0.01377
LY-CoV1404 - BA2,363,A,F,0.01377,0.0881,0.01377
LY-CoV1404 - BA2,363,A,G,0.004702,0.0881,0.01377
LY-CoV1404 - BA2,363,A,I,0.005007,0.0881,0.01377
LY-CoV1404 - BA2,363,A,L,0.00487,0.0881,0.01377
LY-CoV1404 - BA2,363,A,M,0.004211,0.0881,0.01377
LY-CoV1404 - BA2,363,A,P,0.004295,0.0881,0.01377
LY-CoV1404 - BA2,363,A,Q,0.008604,0.0881,0.01377
LY-CoV1404 - BA2,363,A,S,0.004729,0.0881,0.01377
LY-CoV1404 - BA2,363,A,T,0.009706,0.0881,0.01377
LY-CoV1404 - BA2,363,A,V,0.004693,0.0881,0.01377
LY-CoV1404 - BA2,363,A,W,0.007953,0.0881,0.01377
LY-CoV1404 - BA2,363,A,Y,0.007524,0.0881,0.01377
LY-CoV1404 - BA2,364,D,L,0.4403,0.4454,0.4403
LY-CoV1404 - BA2,364,D,N,0.005028,0.4454,0.4403
LY-CoV1404 - BA2,365,Y,A,0.008438,0.0665,0.008438
LY-CoV1404 - BA2,365,Y,E,0.003956,0.0665,0.008438
LY-CoV1404 - BA2,365,Y,F,0.004683,0.0665,0.008438
LY-CoV1404 - BA2,365,Y,G,0.004715,0.0665,0.008438
LY-CoV1404 - BA2,365,Y,I,0.006698,0.0665,0.008438
LY-CoV1404 - BA2,365,Y,L,0.004789,0.0665,0.008438
LY-CoV1404 - BA2,365,Y,M,0.005097,0.0665,0.008438
LY-CoV1404 - BA2,365,Y,P,0.005574,0.0665,0.008438
LY-CoV1404 - BA2,365,Y,S,0.008316,0.0665,0.008438
LY-CoV1404 - BA2,365,Y,T,0.005612,0.0665,0.008438
LY-CoV1404 - BA2,365,Y,V,0.004168,0.0665,0.008438
LY-CoV1404 - BA2,365,Y,W,0.004457,0.0665,0.008438
LY-CoV1404 - BA2,366,S,A,0.004315,0.07333,0.01342
LY-CoV1404 - BA2,366,S,D,0.005145,0.07333,0.01342
LY-CoV1404 - BA2,366,S,E,0.004743,0.07333,0.01342
LY-CoV1404 - BA2,366,S,G,0.01342,0.07333,0.01342
LY-CoV1404 - BA2,366,S,H,0.005527,0.07333,0.01342
LY-CoV1404 - BA2,366,S,K,0.004277,0.07333,0.01342
LY-CoV1404 - BA2,366,S,M,0.005286,0.07333,0.01342
LY-CoV1404 - BA2,366,S,N,0.004509,0.07333,0.01342
LY-CoV1404 - BA2,366,S,Q,0.008429,0.07333,0.01342
LY-CoV1404 - BA2,366,S,R,0.009775,0.07333,0.01342
LY-CoV1404 - BA2,366,S,T,0.007911,0.07333,0.01342
LY-CoV1404 - BA2,367,V,A,0.003832,0.1063,0.01104
LY-CoV1404 - BA2,367,V,C,0.005324,0.1063,0.01104
LY-CoV1404 - BA2,367,V,D,0.006358,0.1063,0.01104
LY-CoV1404 - BA2,367,V,E,0.004307,0.1063,0.01104
LY-CoV1404 - BA2,367,V,F,0.009176,0.1063,0.01104
LY-CoV1404 - BA2,367,V,G,0.0048,0.1063,0.01104
LY-CoV1404 - BA2,367,V,H,0.004247,0.1063,0.01104
LY-CoV1404 - BA2,367,V,I,0.006886,0.1063,0.01104
LY-CoV1404 - BA2,367,V,K,0.004532,0.1063,0.01104
LY-CoV1404 - BA2,367,V,L,0.004165,0.1063,0.01104
LY-CoV1404 - BA2,367,V,M,0.00445,0.1063,0.01104
LY-CoV1404 - BA2,367,V,N,0.01104,0.1063,0.01104
LY-CoV1404 - BA2,367,V,Q,0.004529,0.1063,0.01104
LY-CoV1404 - BA2,367,V,R,0.006176,0.1063,0.01104
LY-CoV1404 - BA2,367,V,S,0.004842,0.1063,0.01104
LY-CoV1404 - BA2,367,V,T,0.01096,0.1063,0.01104
LY-CoV1404 - BA2,367,V,W,0.005672,0.1063,0.01104
LY-CoV1404 - BA2,367,V,Y,0.005001,0.1063,0.01104
LY-CoV1404 - BA2,368,L,F,0.004834,0.01942,0.005531
LY-CoV1404 - BA2,368,L,I,0.004051,0.01942,0.005531
LY-CoV1404 - BA2,368,L,M,0.005531,0.01942,0.005531
LY-CoV1404 - BA2,368,L,V,0.005002,0.01942,0.005531
LY-CoV1404 - BA2,369,Y,A,0.004314,0.108,0.01479
LY-CoV1404 - BA2,369,Y,C,0.00501,0.108,0.01479
LY-CoV1404 - BA2,369,Y,D,0.004316,0.108,0.01479
LY-CoV1404 - BA2,369,Y,E,0.003839,0.108,0.01479
LY-CoV1404 - BA2,369,Y,F,0.005184,0.108,0.01479
LY-CoV1404 - BA2,369,Y,G,0.005792,0.108,0.01479
LY-CoV1404 - BA2,369,Y,H,0.004759,0.108,0.01479
LY-CoV1404 - BA2,369,Y,I,0.005488,0.108,0.01479
LY-CoV1404 - BA2,369,Y,K,0.003247,0.108,0.01479
LY-CoV1404 - BA2,369,Y,L,0.009918,0.108,0.01479
LY-CoV1404 - BA2,369,Y,M,0.00449,0.108,0.01479
LY-CoV1404 - BA2,369,Y,N,0.004997,0.108,0.01479
LY-CoV1404 - BA2,369,Y,P,0.004694,0.108,0.01479
LY-CoV1404 - BA2,369,Y,Q,0.00442,0.108,0.01479
LY-CoV1404 - BA2,369,Y,R,0.01479,0.108,0.01479
LY-CoV1404 - BA2,369,Y,S,0.01023,0.108,0.01479
LY-CoV1404 - BA2,369,Y,T,0.003869,0.108,0.01479
LY-CoV1404 - BA2,369,Y,V,0.003989,0.108,0.01479
LY-CoV1404 - BA2,369,Y,W,0.004679,0.108,0.01479
LY-CoV1404 - BA2,370,N,A,0.004911,0.1092,0.01721
LY-CoV1404 - BA2,370,N,D,0.005446,0.1092,0.01721
LY-CoV1404 - BA2,370,N,E,0.003936,0.1092,0.01721
LY-CoV1404 - BA2,370,N,G,0.009077,0.1092,0.01721
LY-CoV1404 - BA2,370,N,H,0.007945,0.1092,0.01721
LY-CoV1404 - BA2,370,N,K,0.01502,0.1092,0.01721
LY-CoV1404 - BA2,370,N,L,0.01098,0.1092,0.01721
LY-CoV1404 - BA2,370,N,M,0.004317,0.1092,0.01721
LY-CoV1404 - BA2,370,N,P,0.005314,0.1092,0.01721
LY-CoV1404 - BA2,370,N,Q,0.005004,0.1092,0.01721
LY-CoV1404 - BA2,370,N,R,0.005964,0.1092,0.01721
LY-CoV1404 - BA2,370,N,S,0.004394,0.1092,0.01721
LY-CoV1404 - BA2,370,N,T,0.01721,0.1092,0.01721
LY-CoV1404 - BA2,370,N,Y,0.00968,0.1092,0.01721
LY-CoV1404 - BA2,371,F,A,0.008536,0.1131,0.01849
LY-CoV1404 - BA2,371,F,C,0.01028,0.1131,0.01849
LY-CoV1404 - BA2,371,F,D,0.004596,0.1131,0.01849
LY-CoV1404 - BA2,371,F,E,0.005336,0.1131,0.01849
LY-CoV1404 - BA2,371,F,G,0.004213,0.1131,0.01849
LY-CoV1404 - BA2,371,F,H,0.003477,0.1131,0.01849
LY-CoV1404 - BA2,371,F,I,0.004433,0.1131,0.01849
LY-CoV1404 - BA2,371,F,K,0.004682,0.1131,0.01849
LY-CoV1404 - BA2,371,F,L,0.005078,0.1131,0.01849
LY-CoV1404 - BA2,371,F,M,0.003883,0.1131,0.01849
LY-CoV1404 - BA2,371,F,N,0.01849,0.1131,0.01849
LY-CoV1404 - BA2,371,F,Q,0.005595,0.1131,0.01849
LY-CoV1404 - BA2,371,F,R,0.004949,0.1131,0.01849
LY-CoV1404 - BA2,371,F,S,0.004877,0.1131,0.01849
LY-CoV1404 - BA2,371,F,T,0.01119,0.1131,0.01849
LY-CoV1404 - BA2,371,F,V,0.004155,0.1131,0.01849
LY-CoV1404 - BA2,371,F,W,0.004817,0.1131,0.01849
LY-CoV1404 - BA2,371,F,Y,0.004506,0.1131,0.01849
LY-CoV1404 - BA2,372,A,E,0.004313,0.097,0.01268
LY-CoV1404 - BA2,372,A,F,0.01039,0.097,0.01268
LY-CoV1404 - BA2,372,A,G,0.004173,0.097,0.01268
LY-CoV1404 - BA2,372,A,H,0.003606,0.097,0.01268
LY-CoV1404 - BA2,372,A,I,0.004859,0.097,0.01268
LY-CoV1404 - BA2,372,A,K,0.008577,0.097,0.01268
LY-CoV1404 - BA2,372,A,L,0.005331,0.097,0.01268
LY-CoV1404 - BA2,372,A,M,0.005704,0.097,0.01268
LY-CoV1404 - BA2,372,A,N,0.006197,0.097,0.01268
LY-CoV1404 - BA2,372,A,Q,0.01268,0.097,0.01268
LY-CoV1404 - BA2,372,A,R,0.00732,0.097,0.01268
LY-CoV1404 - BA2,372,A,S,0.008635,0.097,0.01268
LY-CoV1404 - BA2,372,A,T,0.004344,0.097,0.01268
LY-CoV1404 - BA2,372,A,V,0.005033,0.097,0.01268
LY-CoV1404 - BA2,372,A,Y,0.005834,0.097,0.01268
LY-CoV1404 - BA2,373,P,A,0.006227,0.07257,0.015
LY-CoV1404 - BA2,373,P,D,0.004994,0.07257,0.015
LY-CoV1404 - BA2,373,P,E,0.006528,0.07257,0.015
LY-CoV1404 - BA2,373,P,G,0.004309,0.07257,0.015
LY-CoV1404 - BA2,373,P,H,0.004488,0.07257,0.015
LY-CoV1404 - BA2,373,P,K,0.005061,0.07257,0.015
LY-CoV1404 - BA2,373,P,N,0.004044,0.07257,0.015
LY-CoV1404 - BA2,373,P,Q,0.005564,0.07257,0.015
LY-CoV1404 - BA2,373,P,R,0.005471,0.07257,0.015
LY-CoV1404 - BA2,373,P,S,0.015,0.07257,0.015
LY-CoV1404 - BA2,373,P,T,0.00431,0.07257,0.015
LY-CoV1404 - BA2,373,P,Y,0.006568,0.07257,0.015
LY-CoV1404 - BA2,374,F,A,0.004286,0.1239,0.02097
LY-CoV1404 - BA2,374,F,C,0.005189,0.1239,0.02097
LY-CoV1404 - BA2,374,F,D,0.02097,0.1239,0.02097
LY-CoV1404 - BA2,374,F,E,0.005977,0.1239,0.02097
LY-CoV1404 - BA2,374,F,G,0.004533,0.1239,0.02097
LY-CoV1404 - BA2,374,F,H,0.004825,0.1239,0.02097
LY-CoV1404 - BA2,374,F,I,0.004927,0.1239,0.02097
LY-CoV1404 - BA2,374,F,K,0.004322,0.1239,0.02097
LY-CoV1404 - BA2,374,F,L,0.004671,0.1239,0.02097
LY-CoV1404 - BA2,374,F,M,0.005807,0.1239,0.02097
LY-CoV1404 - BA2,374,F,N,0.007758,0.1239,0.02097
LY-CoV1404 - BA2,374,F,P,0.006422,0.1239,0.02097
LY-CoV1404 - BA2,374,F,Q,0.004749,0.1239,0.02097
LY-CoV1404 - BA2,374,F,R,0.008839,0.1239,0.02097
LY-CoV1404 - BA2,374,F,S,0.006253,0.1239,0.02097
LY-CoV1404 - BA2,374,F,T,0.006993,0.1239,0.02097
LY-CoV1404 - BA2,374,F,V,0.006531,0.1239,0.02097
LY-CoV1404 - BA2,374,F,W,0.005832,0.1239,0.02097
LY-CoV1404 - BA2,374,F,Y,0.00504,0.1239,0.02097
LY-CoV1404 - BA2,375,F,A,0.01399,0.145,0.02935
LY-CoV1404 - BA2,375,F,C,0.004688,0.145,0.02935
LY-CoV1404 - BA2,375,F,D,0.01459,0.145,0.02935
LY-CoV1404 - BA2,375,F,E,0.004603,0.145,0.02935
LY-CoV1404 - BA2,375,F,G,0.00429,0.145,0.02935
LY-CoV1404 - BA2,375,F,H,0.004391,0.145,0.02935
LY-CoV1404 - BA2,375,F,I,0.00489,0.145,0.02935
LY-CoV1404 - BA2,375,F,K,0.01015,0.145,0.02935
LY-CoV1404 - BA2,375,F,L,0.005273,0.145,0.02935
LY-CoV1404 - BA2,375,F,M,0.005982,0.145,0.02935
LY-CoV1404 - BA2,375,F,N,0.00579,0.145,0.02935
LY-CoV1404 - BA2,375,F,P,0.02935,0.145,0.02935
LY-CoV1404 - BA2,375,F,Q,0.004913,0.145,0.02935
LY-CoV1404 - BA2,375,F,R,0.006386,0.145,0.02935
LY-CoV1404 - BA2,375,F,S,0.005589,0.145,0.02935
LY-CoV1404 - BA2,375,F,T,0.004931,0.145,0.02935
LY-CoV1404 - BA2,375,F,V,0.005325,0.145,0.02935
LY-CoV1404 - BA2,375,F,W,0.00473,0.145,0.02935
LY-CoV1404 - BA2,375,F,Y,0.005111,0.145,0.02935
LY-CoV1404 - BA2,376,A,C,0.004755,0.0899,0.007462
LY-CoV1404 - BA2,376,A,D,0.006813,0.0899,0.007462
LY-CoV1404 - BA2,376,A,E,0.006494,0.0899,0.007462
LY-CoV1404 - BA2,376,A,F,0.004918,0.0899,0.007462
LY-CoV1404 - BA2,376,A,G,0.005323,0.0899,0.007462
LY-CoV1404 - BA2,376,A,H,0.004735,0.0899,0.007462
LY-CoV1404 - BA2,376,A,I,0.004688,0.0899,0.007462
LY-CoV1404 - BA2,376,A,K,0.007117,0.0899,0.007462
LY-CoV1404 - BA2,376,A,L,0.00357,0.0899,0.007462
LY-CoV1404 - BA2,376,A,M,0.00442,0.0899,0.007462
LY-CoV1404 - BA2,376,A,N,0.00399,0.0899,0.007462
LY-CoV1404 - BA2,376,A,Q,0.00385,0.0899,0.007462
LY-CoV1404 - BA2,376,A,R,0.003931,0.0899,0.007462
LY-CoV1404 - BA2,376,A,S,0.004898,0.0899,0.007462
LY-CoV1404 - BA2,376,A,T,0.007462,0.0899,0.007462
LY-CoV1404 - BA2,376,A,V,0.004339,0.0899,0.007462
LY-CoV1404 - BA2,376,A,W,0.00382,0.0899,0.007462
LY-CoV1404 - BA2,376,A,Y,0.004772,0.0899,0.007462
LY-CoV1404 - BA2,377,F,A,0.004696,0.0523,0.01087
LY-CoV1404 - BA2,377,F,I,0.01087,0.0523,0.01087
LY-CoV1404 - BA2,377,F,L,0.004578,0.0523,0.01087
LY-CoV1404 - BA2,377,F,M,0.004296,0.0523,0.01087
LY-CoV1404 - BA2,377,F,T,0.005744,0.0523,0.01087
LY-CoV1404 - BA2,377,F,V,0.007284,0.0523,0.01087
LY-CoV1404 - BA2,377,F,W,0.006835,0.0523,0.01087
LY-CoV1404 - BA2,377,F,Y,0.007998,0.0523,0.01087
LY-CoV1404 - BA2,378,K,D,0.01405,0.07175,0.01534
LY-CoV1404 - BA2,378,K,E,0.004001,0.07175,0.01534
LY-CoV1404 - BA2,378,K,H,0.005235,0.07175,0.01534
LY-CoV1404 - BA2,378,K,N,0.003525,0.07175,0.01534
LY-CoV1404 - BA2,378,K,Q,0.008919,0.07175,0.01534
LY-CoV1404 - BA2,378,K,R,0.01534,0.07175,0.01534
LY-CoV1404 - BA2,378,K,S,0.01041,0.07175,0.01534
LY-CoV1404 - BA2,378,K,T,0.01027,0.07175,0.01534
LY-CoV1404 - BA2,380,Y,F,0.007763,0.01787,0.01011
LY-CoV1404 - BA2,380,Y,W,0.01011,0.01787,0.01011
LY-CoV1404 - BA2,381,G,H,0.009611,0.03937,0.01057
LY-CoV1404 - BA2,381,G,K,0.01057,0.03937,0.01057
LY-CoV1404 - BA2,381,G,N,0.008244,0.03937,0.01057
LY-CoV1404 - BA2,381,G,Q,0.005207,0.03937,0.01057
LY-CoV1404 - BA2,381,G,R,0.005737,0.03937,0.01057
LY-CoV1404 - BA2,382,V,C,0.006334,0.04917,0.01646
LY-CoV1404 - BA2,382,V,F,0.005293,0.04917,0.01646
LY-CoV1404 - BA2,382,V,I,0.01146,0.04917,0.01646
LY-CoV1404 - BA2,382,V,L,0.01646,0.04917,0.01646
LY-CoV1404 - BA2,382,V,M,0.004254,0.04917,0.01646
LY-CoV1404 - BA2,382,V,T,0.005376,0.04917,0.01646
LY-CoV1404 - BA2,383,S,A,0.005844,0.1007,0.01282
LY-CoV1404 - BA2,383,S,C,0.005572,0.1007,0.01282
LY-CoV1404 - BA2,383,S,D,0.006451,0.1007,0.01282
LY-CoV1404 - BA2,383,S,E,0.004857,0.1007,0.01282
LY-CoV1404 - BA2,383,S,G,0.005202,0.1007,0.01282
LY-CoV1404 - BA2,383,S,H,0.006466,0.1007,0.01282
LY-CoV1404 - BA2,383,S,I,0.004188,0.1007,0.01282
LY-CoV1404 - BA2,383,S,K,0.005348,0.1007,0.01282
LY-CoV1404 - BA2,383,S,L,0.006944,0.1007,0.01282
LY-CoV1404 - BA2,383,S,M,0.004364,0.1007,0.01282
LY-CoV1404 - BA2,383,S,N,0.003936,0.1007,0.01282
LY-CoV1404 - BA2,383,S,P,0.01282,0.1007,0.01282
LY-CoV1404 - BA2,383,S,Q,0.007379,0.1007,0.01282
LY-CoV1404 - BA2,383,S,R,0.006268,0.1007,0.01282
LY-CoV1404 - BA2,383,S,T,0.003625,0.1007,0.01282
LY-CoV1404 - BA2,383,S,V,0.005004,0.1007,0.01282
LY-CoV1404 - BA2,383,S,Y,0.006399,0.1007,0.01282
LY-CoV1404 - BA2,384,P,A,0.00671,0.09721,0.008728
LY-CoV1404 - BA2,384,P,D,0.00675,0.09721,0.008728
LY-CoV1404 - BA2,384,P,E,0.005331,0.09721,0.008728
LY-CoV1404 - BA2,384,P,F,0.00685,0.09721,0.008728
LY-CoV1404 - BA2,384,P,G,0.008728,0.09721,0.008728
LY-CoV1404 - BA2,384,P,H,0.004084,0.09721,0.008728
LY-CoV1404 - BA2,384,P,I,0.004995,0.09721,0.008728
LY-CoV1404 - BA2,384,P,K,0.005097,0.09721,0.008728
LY-CoV1404 - BA2,384,P,L,0.006195,0.09721,0.008728
LY-CoV1404 - BA2,384,P,M,0.004675,0.09721,0.008728
LY-CoV1404 - BA2,384,P,N,0.004359,0.09721,0.008728
LY-CoV1404 - BA2,384,P,Q,0.004918,0.09721,0.008728
LY-CoV1404 - BA2,384,P,R,0.004256,0.09721,0.008728
LY-CoV1404 - BA2,384,P,S,0.004964,0.09721,0.008728
LY-CoV1404 - BA2,384,P,T,0.004715,0.09721,0.008728
LY-CoV1404 - BA2,384,P,V,0.005273,0.09721,0.008728
LY-CoV1404 - BA2,384,P,W,0.005127,0.09721,0.008728
LY-CoV1404 - BA2,384,P,Y,0.004181,0.09721,0.008728
LY-CoV1404 - BA2,385,T,A,0.005097,0.1124,0.009011
LY-CoV1404 - BA2,385,T,C,0.004685,0.1124,0.009011
LY-CoV1404 - BA2,385,T,D,0.008648,0.1124,0.009011
LY-CoV1404 - BA2,385,T,E,0.004148,0.1124,0.009011
LY-CoV1404 - BA2,385,T,F,0.004106,0.1124,0.009011
LY-CoV1404 - BA2,385,T,G,0.009011,0.1124,0.009011
LY-CoV1404 - BA2,385,T,H,0.004156,0.1124,0.009011
LY-CoV1404 - BA2,385,T,I,0.005324,0.1124,0.009011
LY-CoV1404 - BA2,385,T,K,0.005693,0.1124,0.009011
LY-CoV1404 - BA2,385,T,L,0.005224,0.1124,0.009011
LY-CoV1404 - BA2,385,T,M,0.005842,0.1124,0.009011
LY-CoV1404 - BA2,385,T,N,0.003946,0.1124,0.009011
LY-CoV1404 - BA2,385,T,P,0.005629,0.1124,0.009011
LY-CoV1404 - BA2,385,T,Q,0.008697,0.1124,0.009011
LY-CoV1404 - BA2,385,T,R,0.006665,0.1124,0.009011
LY-CoV1404 - BA2,385,T,S,0.003982,0.1124,0.009011
LY-CoV1404 - BA2,385,T,V,0.005559,0.1124,0.009011
LY-CoV1404 - BA2,385,T,W,0.008098,0.1124,0.009011
LY-CoV1404 - BA2,385,T,Y,0.007906,0.1124,0.009011
LY-CoV1404 - BA2,386,K,A,0.004206,0.09713,0.01142
LY-CoV1404 - BA2,386,K,C,0.01142,0.09713,0.01142
LY-CoV1404 - BA2,386,K,D,0.0108,0.09713,0.01142
LY-CoV1404 - BA2,386,K,E,0.008288,0.09713,0.01142
LY-CoV1404 - BA2,386,K,G,0.005503,0.09713,0.01142
LY-CoV1404 - BA2,386,K,H,0.005134,0.09713,0.01142
LY-CoV1404 - BA2,386,K,I,0.004449,0.09713,0.01142
LY-CoV1404 - BA2,386,K,L,0.009724,0.09713,0.01142
LY-CoV1404 - BA2,386,K,M,0.006838,0.09713,0.01142
LY-CoV1404 - BA2,386,K,N,0.004482,0.09713,0.01142
LY-CoV1404 - BA2,386,K,Q,0.00641,0.09713,0.01142
LY-CoV1404 - BA2,386,K,R,0.00552,0.09713,0.01142
LY-CoV1404 - BA2,386,K,S,0.005355,0.09713,0.01142
LY-CoV1404 - BA2,386,K,T,0.00429,0.09713,0.01142
LY-CoV1404 - BA2,386,K,V,0.004715,0.09713,0.01142
LY-CoV1404 - BA2,387,L,I,0.003823,0.01405,0.005275
LY-CoV1404 - BA2,387,L,M,0.005275,0.01405,0.005275
LY-CoV1404 - BA2,387,L,W,0.004957,0.01405,0.005275
LY-CoV1404 - BA2,388,N,A,0.004714,0.07804,0.01016
LY-CoV1404 - BA2,388,N,D,0.004627,0.07804,0.01016
LY-CoV1404 - BA2,388,N,E,0.007354,0.07804,0.01016
LY-CoV1404 - BA2,388,N,G,0.006474,0.07804,0.01016
LY-CoV1404 - BA2,388,N,H,0.004805,0.07804,0.01016
LY-CoV1404 - BA2,388,N,K,0.005655,0.07804,0.01016
LY-CoV1404 - BA2,388,N,M,0.004229,0.07804,0.01016
LY-CoV1404 - BA2,388,N,P,0.004426,0.07804,0.01016
LY-CoV1404 - BA2,388,N,Q,0.005826,0.07804,0.01016
LY-CoV1404 - BA2,388,N,R,0.006506,0.07804,0.01016
LY-CoV1404 - BA2,388,N,S,0.007233,0.07804,0.01016
LY-CoV1404 - BA2,388,N,T,0.006031,0.07804,0.01016
LY-CoV1404 - BA2,388,N,V,0.01016,0.07804,0.01016
LY-CoV1404 - BA2,389,D,A,0.004216,0.08351,0.01473
LY-CoV1404 - BA2,389,D,E,0.007151,0.08351,0.01473
LY-CoV1404 - BA2,389,D,G,0.01017,0.08351,0.01473
LY-CoV1404 - BA2,389,D,H,0.004665,0.08351,0.01473
LY-CoV1404 - BA2,389,D,K,0.01473,0.08351,0.01473
LY-CoV1404 - BA2,389,D,M,0.004626,0.08351,0.01473
LY-CoV1404 - BA2,389,D,N,0.009128,0.08351,0.01473
LY-CoV1404 - BA2,389,D,Q,0.0054,0.08351,0.01473
LY-CoV1404 - BA2,389,D,R,0.004982,0.08351,0.01473
LY-CoV1404 - BA2,389,D,S,0.004471,0.08351,0.01473
LY-CoV1404 - BA2,389,D,T,0.008816,0.08351,0.01473
LY-CoV1404 - BA2,389,D,Y,0.005151,0.08351,0.01473
LY-CoV1404 - BA2,390,L,A,0.006084,0.1017,0.01996
LY-CoV1404 - BA2,390,L,C,0.004553,0.1017,0.01996
LY-CoV1404 - BA2,390,L,E,0.004212,0.1017,0.01996
LY-CoV1404 - BA2,390,L,F,0.00521,0.1017,0.01996
LY-CoV1404 - BA2,390,L,G,0.0036,0.1017,0.01996
LY-CoV1404 - BA2,390,L,H,0.005374,0.1017,0.01996
LY-CoV1404 - BA2,390,L,I,0.005255,0.1017,0.01996
LY-CoV1404 - BA2,390,L,K,0.004335,0.1017,0.01996
LY-CoV1404 - BA2,390,L,M,0.006517,0.1017,0.01996
LY-CoV1404 - BA2,390,L,N,0.01996,0.1017,0.01996
LY-CoV1404 - BA2,390,L,Q,0.01109,0.1017,0.01996
LY-CoV1404 - BA2,390,L,R,0.007727,0.1017,0.01996
LY-CoV1404 - BA2,390,L,S,0.005399,0.1017,0.01996
LY-CoV1404 - BA2,390,L,T,0.004118,0.1017,0.01996
LY-CoV1404 - BA2,390,L,V,0.004687,0.1017,0.01996
LY-CoV1404 - BA2,390,L,Y,0.00354,0.1017,0.01996
LY-CoV1404 - BA2,393,T,A,0.009729,0.09972,0.01383
LY-CoV1404 - BA2,393,T,C,0.005492,0.09972,0.01383
LY-CoV1404 - BA2,393,T,D,0.004944,0.09972,0.01383
LY-CoV1404 - BA2,393,T,E,0.00464,0.09972,0.01383
LY-CoV1404 - BA2,393,T,G,0.01017,0.09972,0.01383
LY-CoV1404 - BA2,393,T,H,0.01383,0.09972,0.01383
LY-CoV1404 - BA2,393,T,I,0.005908,0.09972,0.01383
LY-CoV1404 - BA2,393,T,K,0.00393,0.09972,0.01383
LY-CoV1404 - BA2,393,T,L,0.008723,0.09972,0.01383
LY-CoV1404 - BA2,393,T,M,0.005026,0.09972,0.01383
LY-CoV1404 - BA2,393,T,N,0.005358,0.09972,0.01383
LY-CoV1404 - BA2,393,T,Q,0.003531,0.09972,0.01383
LY-CoV1404 - BA2,393,T,R,0.004173,0.09972,0.01383
LY-CoV1404 - BA2,393,T,S,0.005686,0.09972,0.01383
LY-CoV1404 - BA2,393,T,V,0.004045,0.09972,0.01383
LY-CoV1404 - BA2,393,T,Y,0.00454,0.09972,0.01383
LY-CoV1404 - BA2,394,N,A,0.003826,0.1024,0.00896
LY-CoV1404 - BA2,394,N,C,0.007675,0.1024,0.00896
LY-CoV1404 - BA2,394,N,D,0.003725,0.1024,0.00896
LY-CoV1404 - BA2,394,N,E,0.00447,0.1024,0.00896
LY-CoV1404 - BA2,394,N,F,0.005527,0.1024,0.00896
LY-CoV1404 - BA2,394,N,G,0.003892,0.1024,0.00896
LY-CoV1404 - BA2,394,N,H,0.004392,0.1024,0.00896
LY-CoV1404 - BA2,394,N,I,0.004785,0.1024,0.00896
LY-CoV1404 - BA2,394,N,K,0.00896,0.1024,0.00896
LY-CoV1404 - BA2,394,N,L,0.004777,0.1024,0.00896
LY-CoV1404 - BA2,394,N,M,0.004408,0.1024,0.00896
LY-CoV1404 - BA2,394,N,P,0.006218,0.1024,0.00896
LY-CoV1404 - BA2,394,N,Q,0.005947,0.1024,0.00896
LY-CoV1404 - BA2,394,N,R,0.005278,0.1024,0.00896
LY-CoV1404 - BA2,394,N,S,0.004802,0.1024,0.00896
LY-CoV1404 - BA2,394,N,T,0.005906,0.1024,0.00896
LY-CoV1404 - BA2,394,N,V,0.00711,0.1024,0.00896
LY-CoV1404 - BA2,394,N,W,0.004991,0.1024,0.00896
LY-CoV1404 - BA2,394,N,Y,0.005749,0.1024,0.00896
LY-CoV1404 - BA2,395,V,A,0.009946,0.06006,0.01207
LY-CoV1404 - BA2,395,V,C,0.005632,0.06006,0.01207
LY-CoV1404 - BA2,395,V,F,0.01037,0.06006,0.01207
LY-CoV1404 - BA2,395,V,G,0.005776,0.06006,0.01207
LY-CoV1404 - BA2,395,V,I,0.006388,0.06006,0.01207
LY-CoV1404 - BA2,395,V,L,0.01207,0.06006,0.01207
LY-CoV1404 - BA2,395,V,M,0.009876,0.06006,0.01207
LY-CoV1404 - BA2,396,Y,F,0.008074,0.1008,0.03415
LY-CoV1404 - BA2,396,Y,H,0.004616,0.1008,0.03415
LY-CoV1404 - BA2,396,Y,I,0.004067,0.1008,0.03415
LY-CoV1404 - BA2,396,Y,L,0.006154,0.1008,0.03415
LY-CoV1404 - BA2,396,Y,M,0.03415,0.1008,0.03415
LY-CoV1404 - BA2,396,Y,N,0.008432,0.1008,0.03415
LY-CoV1404 - BA2,396,Y,S,0.01569,0.1008,0.03415
LY-CoV1404 - BA2,396,Y,T,0.0086,0.1008,0.03415
LY-CoV1404 - BA2,396,Y,V,0.005952,0.1008,0.03415
LY-CoV1404 - BA2,396,Y,W,0.005106,0.1008,0.03415
LY-CoV1404 - BA2,397,A,C,0.01108,0.06699,0.02498
LY-CoV1404 - BA2,397,A,I,0.007621,0.06699,0.02498
LY-CoV1404 - BA2,397,A,L,0.01881,0.06699,0.02498
LY-CoV1404 - BA2,397,A,M,0.02498,0.06699,0.02498
LY-CoV1404 - BA2,397,A,V,0.004496,0.06699,0.02498
LY-CoV1404 - BA2,399,S,T,0.01325,0.01325,0.01325
LY-CoV1404 - BA2,401,V,I,0.01113,0.04729,0.03615
LY-CoV1404 - BA2,401,V,T,0.03615,0.04729,0.03615
LY-CoV1404 - BA2,402,I,C,0.01814,0.02969,0.01814
LY-CoV1404 - BA2,402,I,L,0.005411,0.02969,0.01814
LY-CoV1404 - BA2,402,I,V,0.006138,0.02969,0.01814
LY-CoV1404 - BA2,403,R,A,0.003954,0.07773,0.01142
LY-CoV1404 - BA2,403,R,C,0.005403,0.07773,0.01142
LY-CoV1404 - BA2,403,R,D,0.005497,0.07773,0.01142
LY-CoV1404 - BA2,403,R,E,0.004474,0.07773,0.01142
LY-CoV1404 - BA2,403,R,G,0.006097,0.07773,0.01142
LY-CoV1404 - BA2,403,R,K,0.008443,0.07773,0.01142
LY-CoV1404 - BA2,403,R,M,0.004199,0.07773,0.01142
LY-CoV1404 - BA2,403,R,N,0.004347,0.07773,0.01142
LY-CoV1404 - BA2,403,R,P,0.004184,0.07773,0.01142
LY-CoV1404 - BA2,403,R,Q,0.00929,0.07773,0.01142
LY-CoV1404 - BA2,403,R,S,0.01142,0.07773,0.01142
LY-CoV1404 - BA2,403,R,T,0.01042,0.07773,0.01142
LY-CoV1404 - BA2,404,G,A,0.006246,0.04172,0.01514
LY-CoV1404 - BA2,404,G,E,0.01514,0.04172,0.01514
LY-CoV1404 - BA2,404,G,K,0.006875,0.04172,0.01514
LY-CoV1404 - BA2,404,G,Q,0.006826,0.04172,0.01514
LY-CoV1404 - BA2,404,G,R,0.006633,0.04172,0.01514
LY-CoV1404 - BA2,405,N,A,0.009466,0.1434,0.01773
LY-CoV1404 - BA2,405,N,C,0.008127,0.1434,0.01773
LY-CoV1404 - BA2,405,N,D,0.005501,0.1434,0.01773
LY-CoV1404 - BA2,405,N,E,0.005787,0.1434,0.01773
LY-CoV1404 - BA2,405,N,F,0.00548,0.1434,0.01773
LY-CoV1404 - BA2,405,N,G,0.005374,0.1434,0.01773
LY-CoV1404 - BA2,405,N,H,0.01773,0.1434,0.01773
LY-CoV1404 - BA2,405,N,I,0.009641,0.1434,0.01773
LY-CoV1404 - BA2,405,N,K,0.01276,0.1434,0.01773
LY-CoV1404 - BA2,405,N,L,0.005064,0.1434,0.01773
LY-CoV1404 - BA2,405,N,M,0.004699,0.1434,0.01773
LY-CoV1404 - BA2,405,N,Q,0.006969,0.1434,0.01773
LY-CoV1404 - BA2,405,N,R,0.004702,0.1434,0.01773
LY-CoV1404 - BA2,405,N,S,0.01484,0.1434,0.01773
LY-CoV1404 - BA2,405,N,T,0.01338,0.1434,0.01773
LY-CoV1404 - BA2,405,N,V,0.007585,0.1434,0.01773
LY-CoV1404 - BA2,405,N,Y,0.006323,0.1434,0.01773
LY-CoV1404 - BA2,406,E,D,0.005388,0.01945,0.009436
LY-CoV1404 - BA2,406,E,H,0.004629,0.01945,0.009436
LY-CoV1404 - BA2,406,E,Q,0.009436,0.01945,0.009436
LY-CoV1404 - BA2,407,V,I,0.006394,0.01717,0.006394
LY-CoV1404 - BA2,407,V,L,0.004507,0.01717,0.006394
LY-CoV1404 - BA2,407,V,M,0.006268,0.01717,0.006394
LY-CoV1404 - BA2,408,S,A,0.00643,0.08623,0.01126
LY-CoV1404 - BA2,408,S,C,0.004567,0.08623,0.01126
LY-CoV1404 - BA2,408,S,D,0.006421,0.08623,0.01126
LY-CoV1404 - BA2,408,S,E,0.00419,0.08623,0.01126
LY-CoV1404 - BA2,408,S,G,0.005564,0.08623,0.01126
LY-CoV1404 - BA2,408,S,H,0.004336,0.08623,0.01126
LY-CoV1404 - BA2,408,S,K,0.002989,0.08623,0.01126
LY-CoV1404 - BA2,408,S,M,0.00519,0.08623,0.01126
LY-CoV1404 - BA2,408,S,N,0.003926,0.08623,0.01126
LY-CoV1404 - BA2,408,S,P,0.01126,0.08623,0.01126
LY-CoV1404 - BA2,408,S,Q,0.007613,0.08623,0.01126
LY-CoV1404 - BA2,408,S,R,0.01027,0.08623,0.01126
LY-CoV1404 - BA2,408,S,T,0.004571,0.08623,0.01126
LY-CoV1404 - BA2,408,S,V,0.004378,0.08623,0.01126
LY-CoV1404 - BA2,408,S,Y,0.004529,0.08623,0.01126
LY-CoV1404 - BA2,409,Q,E,0.004678,0.004678,0.004678
LY-CoV1404 - BA2,410,I,V,0.00432,0.00432,0.00432
LY-CoV1404 - BA2,411,A,G,0.03185,0.04655,0.03185
LY-CoV1404 - BA2,411,A,Q,0.008837,0.04655,0.03185
LY-CoV1404 - BA2,411,A,R,0.005864,0.04655,0.03185
LY-CoV1404 - BA2,413,G,A,0.01807,0.0826,0.01807
LY-CoV1404 - BA2,413,G,C,0.01248,0.0826,0.01807
LY-CoV1404 - BA2,413,G,F,0.004525,0.0826,0.01807
LY-CoV1404 - BA2,413,G,H,0.005139,0.0826,0.01807
LY-CoV1404 - BA2,413,G,K,0.006887,0.0826,0.01807
LY-CoV1404 - BA2,413,G,L,0.003901,0.0826,0.01807
LY-CoV1404 - BA2,413,G,M,0.003758,0.0826,0.01807
LY-CoV1404 - BA2,413,G,N,0.006317,0.0826,0.01807
LY-CoV1404 - BA2,413,G,Q,0.004843,0.0826,0.01807
LY-CoV1404 - BA2,413,G,R,0.005727,0.0826,0.01807
LY-CoV1404 - BA2,413,G,S,0.006636,0.0826,0.01807
LY-CoV1404 - BA2,413,G,Y,0.004318,0.0826,0.01807
LY-CoV1404 - BA2,414,Q,A,0.003328,0.06278,0.0104
LY-CoV1404 - BA2,414,Q,E,0.005193,0.06278,0.0104
LY-CoV1404 - BA2,414,Q,G,0.0104,0.06278,0.0104
LY-CoV1404 - BA2,414,Q,K,0.006802,0.06278,0.0104
LY-CoV1404 - BA2,414,Q,M,0.007197,0.06278,0.0104
LY-CoV1404 - BA2,414,Q,R,0.009549,0.06278,0.0104
LY-CoV1404 - BA2,414,Q,S,0.01011,0.06278,0.0104
LY-CoV1404 - BA2,414,Q,T,0.005344,0.06278,0.0104
LY-CoV1404 - BA2,414,Q,V,0.004852,0.06278,0.0104
LY-CoV1404 - BA2,415,T,A,0.005186,0.08195,0.01305
LY-CoV1404 - BA2,415,T,C,0.006139,0.08195,0.01305
LY-CoV1404 - BA2,415,T,D,0.006836,0.08195,0.01305
LY-CoV1404 - BA2,415,T,E,0.01305,0.08195,0.01305
LY-CoV1404 - BA2,415,T,G,0.005628,0.08195,0.01305
LY-CoV1404 - BA2,415,T,H,0.003927,0.08195,0.01305
LY-CoV1404 - BA2,415,T,I,0.004622,0.08195,0.01305
LY-CoV1404 - BA2,415,T,K,0.004117,0.08195,0.01305
LY-CoV1404 - BA2,415,T,M,0.00532,0.08195,0.01305
LY-CoV1404 - BA2,415,T,N,0.004095,0.08195,0.01305
LY-CoV1404 - BA2,415,T,Q,0.004697,0.08195,0.01305
LY-CoV1404 - BA2,415,T,R,0.00597,0.08195,0.01305
LY-CoV1404 - BA2,415,T,S,0.007019,0.08195,0.01305
LY-CoV1404 - BA2,415,T,V,0.005338,0.08195,0.01305
LY-CoV1404 - BA2,417,N,A,0.004101,0.1335,0.01694
LY-CoV1404 - BA2,417,N,C,0.009829,0.1335,0.01694
LY-CoV1404 - BA2,417,N,D,0.0044,0.1335,0.01694
LY-CoV1404 - BA2,417,N,E,0.01151,0.1335,0.01694
LY-CoV1404 - BA2,417,N,F,0.005938,0.1335,0.01694
LY-CoV1404 - BA2,417,N,G,0.009708,0.1335,0.01694
LY-CoV1404 - BA2,417,N,H,0.008942,0.1335,0.01694
LY-CoV1404 - BA2,417,N,I,0.005185,0.1335,0.01694
LY-CoV1404 - BA2,417,N,K,0.004547,0.1335,0.01694
LY-CoV1404 - BA2,417,N,L,0.004559,0.1335,0.01694
LY-CoV1404 - BA2,417,N,M,0.00448,0.1335,0.01694
LY-CoV1404 - BA2,417,N,P,0.006906,0.1335,0.01694
LY-CoV1404 - BA2,417,N,Q,0.009652,0.1335,0.01694
LY-CoV1404 - BA2,417,N,R,0.008187,0.1335,0.01694
LY-CoV1404 - BA2,417,N,S,0.005911,0.1335,0.01694
LY-CoV1404 - BA2,417,N,T,0.004125,0.1335,0.01694
LY-CoV1404 - BA2,417,N,V,0.004354,0.1335,0.01694
LY-CoV1404 - BA2,417,N,W,0.01694,0.1335,0.01694
LY-CoV1404 - BA2,417,N,Y,0.004211,0.1335,0.01694
LY-CoV1404 - BA2,418,I,V,0.01285,0.01285,0.01285
LY-CoV1404 - BA2,419,A,P,0.004341,0.004341,0.004341
LY-CoV1404 - BA2,420,D,A,0.004755,0.05448,0.009938
LY-CoV1404 - BA2,420,D,E,0.004393,0.05448,0.009938
LY-CoV1404 - BA2,420,D,K,0.004159,0.05448,0.009938
LY-CoV1404 - BA2,420,D,L,0.009367,0.05448,0.009938
LY-CoV1404 - BA2,420,D,M,0.003988,0.05448,0.009938
LY-CoV1404 - BA2,420,D,N,0.005192,0.05448,0.009938
LY-CoV1404 - BA2,420,D,Q,0.009938,0.05448,0.009938
LY-CoV1404 - BA2,420,D,R,0.00488,0.05448,0.009938
LY-CoV1404 - BA2,420,D,S,0.003836,0.05448,0.009938
LY-CoV1404 - BA2,420,D,T,0.003974,0.05448,0.009938
LY-CoV1404 - BA2,421,Y,F,0.005904,0.0345,0.006774
LY-CoV1404 - BA2,421,Y,H,0.005448,0.0345,0.006774
LY-CoV1404 - BA2,421,Y,L,0.004943,0.0345,0.006774
LY-CoV1404 - BA2,421,Y,M,0.006774,0.0345,0.006774
LY-CoV1404 - BA2,421,Y,N,0.006666,0.0345,0.006774
LY-CoV1404 - BA2,421,Y,W,0.004766,0.0345,0.006774
LY-CoV1404 - BA2,424,K,H,0.01094,0.01559,0.01094
LY-CoV1404 - BA2,424,K,R,0.004648,0.01559,0.01094
LY-CoV1404 - BA2,425,L,I,0.008442,0.01958,0.008442
LY-CoV1404 - BA2,425,L,M,0.005836,0.01958,0.008442
LY-CoV1404 - BA2,425,L,V,0.005299,0.01958,0.008442
LY-CoV1404 - BA2,427,D,A,0.0166,0.1084,0.0166
LY-CoV1404 - BA2,427,D,E,0.003926,0.1084,0.0166
LY-CoV1404 - BA2,427,D,F,0.008158,0.1084,0.0166
LY-CoV1404 - BA2,427,D,G,0.006305,0.1084,0.0166
LY-CoV1404 - BA2,427,D,H,0.004817,0.1084,0.0166
LY-CoV1404 - BA2,427,D,I,0.004418,0.1084,0.0166
LY-CoV1404 - BA2,427,D,K,0.004802,0.1084,0.0166
LY-CoV1404 - BA2,427,D,L,0.004592,0.1084,0.0166
LY-CoV1404 - BA2,427,D,M,0.005214,0.1084,0.0166
LY-CoV1404 - BA2,427,D,N,0.004762,0.1084,0.0166
LY-CoV1404 - BA2,427,D,P,0.007715,0.1084,0.0166
LY-CoV1404 - BA2,427,D,Q,0.003874,0.1084,0.0166
LY-CoV1404 - BA2,427,D,R,0.006887,0.1084,0.0166
LY-CoV1404 - BA2,427,D,S,0.00591,0.1084,0.0166
LY-CoV1404 - BA2,427,D,T,0.006118,0.1084,0.0166
LY-CoV1404 - BA2,427,D,V,0.004142,0.1084,0.0166
LY-CoV1404 - BA2,427,D,W,0.004541,0.1084,0.0166
LY-CoV1404 - BA2,427,D,Y,0.005606,0.1084,0.0166
LY-CoV1404 - BA2,428,D,A,0.006987,0.07473,0.009482
LY-CoV1404 - BA2,428,D,E,0.005736,0.07473,0.009482
LY-CoV1404 - BA2,428,D,G,0.006012,0.07473,0.009482
LY-CoV1404 - BA2,428,D,H,0.005456,0.07473,0.009482
LY-CoV1404 - BA2,428,D,K,0.009482,0.07473,0.009482
LY-CoV1404 - BA2,428,D,N,0.004926,0.07473,0.009482
LY-CoV1404 - BA2,428,D,P,0.006765,0.07473,0.009482
LY-CoV1404 - BA2,428,D,Q,0.006823,0.07473,0.009482
LY-CoV1404 - BA2,428,D,R,0.009297,0.07473,0.009482
LY-CoV1404 - BA2,428,D,S,0.004505,0.07473,0.009482
LY-CoV1404 - BA2,428,D,T,0.008744,0.07473,0.009482
LY-CoV1404 - BA2,429,F,W,0.005072,0.005072,0.005072
LY-CoV1404 - BA2,430,T,C,0.01415,0.09057,0.01415
LY-CoV1404 - BA2,430,T,F,0.00845,0.09057,0.01415
LY-CoV1404 - BA2,430,T,H,0.01131,0.09057,0.01415
LY-CoV1404 - BA2,430,T,I,0.003812,0.09057,0.01415
LY-CoV1404 - BA2,430,T,K,0.006296,0.09057,0.01415
LY-CoV1404 - BA2,430,T,L,0.00411,0.09057,0.01415
LY-CoV1404 - BA2,430,T,M,0.004887,0.09057,0.01415
LY-CoV1404 - BA2,430,T,N,0.009517,0.09057,0.01415
LY-CoV1404 - BA2,430,T,Q,0.005162,0.09057,0.01415
LY-CoV1404 - BA2,430,T,R,0.005283,0.09057,0.01415
LY-CoV1404 - BA2,430,T,S,0.004207,0.09057,0.01415
LY-CoV1404 - BA2,430,T,V,0.00953,0.09057,0.01415
LY-CoV1404 - BA2,430,T,Y,0.003851,0.09057,0.01415
LY-CoV1404 - BA2,433,V,I,0.00435,0.00435,0.00435
LY-CoV1404 - BA2,434,I,F,0.004003,0.05189,0.02046
LY-CoV1404 - BA2,434,I,L,0.005704,0.05189,0.02046
LY-CoV1404 - BA2,434,I,M,0.02046,0.05189,0.02046
LY-CoV1404 - BA2,434,I,V,0.006227,0.05189,0.02046
LY-CoV1404 - BA2,434,I,W,0.009403,0.05189,0.02046
LY-CoV1404 - BA2,434,I,Y,0.006091,0.05189,0.02046
LY-CoV1404 - BA2,435,A,I,0.01319,0.05677,0.02074
LY-CoV1404 - BA2,435,A,S,0.004781,0.05677,0.02074
LY-CoV1404 - BA2,435,A,T,0.007906,0.05677,0.02074
LY-CoV1404 - BA2,435,A,V,0.004984,0.05677,0.02074
LY-CoV1404 - BA2,435,A,W,0.005167,0.05677,0.02074
LY-CoV1404 - BA2,435,A,Y,0.02074,0.05677,0.02074
LY-CoV1404 - BA2,436,W,F,0.004888,0.02393,0.009891
LY-CoV1404 - BA2,436,W,I,0.009891,0.02393,0.009891
LY-CoV1404 - BA2,436,W,M,0.004442,0.02393,0.009891
LY-CoV1404 - BA2,436,W,Y,0.004706,0.02393,0.009891
LY-CoV1404 - BA2,437,N,A,0.004958,0.03286,0.01355
LY-CoV1404 - BA2,437,N,E,0.01355,0.03286,0.01355
LY-CoV1404 - BA2,437,N,P,0.004379,0.03286,0.01355
LY-CoV1404 - BA2,437,N,S,0.009969,0.03286,0.01355
LY-CoV1404 - BA2,438,S,A,0.005292,0.009391,0.005292
LY-CoV1404 - BA2,438,S,T,0.004099,0.009391,0.005292
LY-CoV1404 - BA2,439,N,A,0.004765,0.1333,0.02134
LY-CoV1404 - BA2,439,N,C,0.007272,0.1333,0.02134
LY-CoV1404 - BA2,439,N,D,0.005197,0.1333,0.02134
LY-CoV1404 - BA2,439,N,G,0.009899,0.1333,0.02134
LY-CoV1404 - BA2,439,N,H,0.004164,0.1333,0.02134
LY-CoV1404 - BA2,439,N,K,0.007324,0.1333,0.02134
LY-CoV1404 - BA2,439,N,L,0.007872,0.1333,0.02134
LY-CoV1404 - BA2,439,N,M,0.006281,0.1333,0.02134
LY-CoV1404 - BA2,439,N,Q,0.01197,0.1333,0.02134
LY-CoV1404 - BA2,439,N,R,0.005252,0.1333,0.02134
LY-CoV1404 - BA2,439,N,S,0.01733,0.1333,0.02134
LY-CoV1404 - BA2,439,N,T,0.007318,0.1333,0.02134
LY-CoV1404 - BA2,439,N,V,0.01189,0.1333,0.02134
LY-CoV1404 - BA2,439,N,W,0.02134,0.1333,0.02134
LY-CoV1404 - BA2,439,N,Y,0.005484,0.1333,0.02134
LY-CoV1404 - BA2,440,K,A,0.004588,0.1019,0.009484
LY-CoV1404 - BA2,440,K,C,0.004229,0.1019,0.009484
LY-CoV1404 - BA2,440,K,D,0.005976,0.1019,0.009484
LY-CoV1404 - BA2,440,K,E,0.004399,0.1019,0.009484
LY-CoV1404 - BA2,440,K,F,0.004821,0.1019,0.009484
LY-CoV1404 - BA2,440,K,G,0.00521,0.1019,0.009484
LY-CoV1404 - BA2,440,K,H,0.006545,0.1019,0.009484
LY-CoV1404 - BA2,440,K,I,0.004679,0.1019,0.009484
LY-CoV1404 - BA2,440,K,L,0.004978,0.1019,0.009484
LY-CoV1404 - BA2,440,K,M,0.00481,0.1019,0.009484
LY-CoV1404 - BA2,440,K,N,0.006367,0.1019,0.009484
LY-CoV1404 - BA2,440,K,P,0.006118,0.1019,0.009484
LY-CoV1404 - BA2,440,K,Q,0.004569,0.1019,0.009484
LY-CoV1404 - BA2,440,K,R,0.004606,0.1019,0.009484
LY-CoV1404 - BA2,440,K,S,0.007073,0.1019,0.009484
LY-CoV1404 - BA2,440,K,T,0.00893,0.1019,0.009484
LY-CoV1404 - BA2,440,K,V,0.009484,0.1019,0.009484
LY-CoV1404 - BA2,440,K,Y,0.004484,0.1019,0.009484
LY-CoV1404 - BA2,441,L,A,0.005005,0.1039,0.01246
LY-CoV1404 - BA2,441,L,C,0.00732,0.1039,0.01246
LY-CoV1404 - BA2,441,L,D,0.005042,0.1039,0.01246
LY-CoV1404 - BA2,441,L,E,0.004877,0.1039,0.01246
LY-CoV1404 - BA2,441,L,F,0.006286,0.1039,0.01246
LY-CoV1404 - BA2,441,L,G,0.008551,0.1039,0.01246
LY-CoV1404 - BA2,441,L,H,0.00373,0.1039,0.01246
LY-CoV1404 - BA2,441,L,I,0.004449,0.1039,0.01246
LY-CoV1404 - BA2,441,L,K,0.01246,0.1039,0.01246
LY-CoV1404 - BA2,441,L,M,0.004853,0.1039,0.01246
LY-CoV1404 - BA2,441,L,N,0.005146,0.1039,0.01246
LY-CoV1404 - BA2,441,L,Q,0.00416,0.1039,0.01246
LY-CoV1404 - BA2,441,L,R,0.005983,0.1039,0.01246
LY-CoV1404 - BA2,441,L,S,0.006368,0.1039,0.01246
LY-CoV1404 - BA2,441,L,T,0.005228,0.1039,0.01246
LY-CoV1404 - BA2,441,L,V,0.005013,0.1039,0.01246
LY-CoV1404 - BA2,441,L,W,0.005034,0.1039,0.01246
LY-CoV1404 - BA2,441,L,Y,0.004421,0.1039,0.01246
LY-CoV1404 - BA2,443,S,A,0.005854,0.02324,0.007098
LY-CoV1404 - BA2,443,S,C,0.005336,0.02324,0.007098
LY-CoV1404 - BA2,443,S,G,0.007098,0.02324,0.007098
LY-CoV1404 - BA2,443,S,T,0.004949,0.02324,0.007098
LY-CoV1404 - BA2,444,K,A,0.73,10.53,0.8095
LY-CoV1404 - BA2,444,K,C,0.7588,10.53,0.8095
LY-CoV1404 - BA2,444,K,D,0.7591,10.53,0.8095
LY-CoV1404 - BA2,444,K,E,0.7011,10.53,0.8095
LY-CoV1404 - BA2,444,K,F,0.8095,10.53,0.8095
LY-CoV1404 - BA2,444,K,G,0.7345,10.53,0.8095
LY-CoV1404 - BA2,444,K,H,0.008171,10.53,0.8095
LY-CoV1404 - BA2,444,K,I,0.7525,10.53,0.8095
LY-CoV1404 - BA2,444,K,L,0.723,10.53,0.8095
LY-CoV1404 - BA2,444,K,M,0.006641,10.53,0.8095
LY-CoV1404 - BA2,444,K,N,0.7955,10.53,0.8095
LY-CoV1404 - BA2,444,K,P,0.742,10.53,0.8095
LY-CoV1404 - BA2,444,K,Q,0.03949,10.53,0.8095
LY-CoV1404 - BA2,444,K,R,0.004057,10.53,0.8095
LY-CoV1404 - BA2,444,K,S,0.742,10.53,0.8095
LY-CoV1404 - BA2,444,K,T,0.7053,10.53,0.8095
LY-CoV1404 - BA2,444,K,V,0.7382,10.53,0.8095
LY-CoV1404 - BA2,444,K,W,0.7717,10.53,0.8095
LY-CoV1404 - BA2,444,K,Y,0.01121,10.53,0.8095
LY-CoV1404 - BA2,445,V,A,0.06241,9.616,0.7902
LY-CoV1404 - BA2,445,V,C,0.03769,9.616,0.7902
LY-CoV1404 - BA2,445,V,D,0.7852,9.616,0.7902
LY-CoV1404 - BA2,445,V,E,0.7902,9.616,0.7902
LY-CoV1404 - BA2,445,V,F,0.7464,9.616,0.7902
LY-CoV1404 - BA2,445,V,G,0.6858,9.616,0.7902
LY-CoV1404 - BA2,445,V,H,0.725,9.616,0.7902
LY-CoV1404 - BA2,445,V,I,0.004908,9.616,0.7902
LY-CoV1404 - BA2,445,V,K,0.7856,9.616,0.7902
LY-CoV1404 - BA2,445,V,L,0.004717,9.616,0.7902
LY-CoV1404 - BA2,445,V,M,0.007943,9.616,0.7902
LY-CoV1404 - BA2,445,V,N,0.6806,9.616,0.7902
LY-CoV1404 - BA2,445,V,P,0.7457,9.616,0.7902
LY-CoV1404 - BA2,445,V,Q,0.6866,9.616,0.7902
LY-CoV1404 - BA2,445,V,R,0.7463,9.616,0.7902
LY-CoV1404 - BA2,445,V,S,0.6382,9.616,0.7902
LY-CoV1404 - BA2,445,V,T,0.006039,9.616,0.7902
LY-CoV1404 - BA2,445,V,W,0.7534,9.616,0.7902
LY-CoV1404 - BA2,445,V,Y,0.7229,9.616,0.7902
LY-CoV1404 - BA2,446,G,A,0.01345,7.081,0.7985
LY-CoV1404 - BA2,446,G,D,0.004698,7.081,0.7985
LY-CoV1404 - BA2,446,G,E,0.307,7.081,0.7985
LY-CoV1404 - BA2,446,G,F,0.727,7.081,0.7985
LY-CoV1404 - BA2,446,G,H,0.05705,7.081,0.7985
LY-CoV1404 - BA2,446,G,I,0.6393,7.081,0.7985
LY-CoV1404 - BA2,446,G,K,0.485,7.081,0.7985
LY-CoV1404 - BA2,446,G,L,0.668,7.081,0.7985
LY-CoV1404 - BA2,446,G,M,0.3224,7.081,0.7985
LY-CoV1404 - BA2,446,G,N,0.004878,7.081,0.7985
LY-CoV1404 - BA2,446,G,P,0.719,7.081,0.7985
LY-CoV1404 - BA2,446,G,Q,0.03268,7.081,0.7985
LY-CoV1404 - BA2,446,G,R,0.1103,7.081,0.7985
LY-CoV1404 - BA2,446,G,S,0.006704,7.081,0.7985
LY-CoV1404 - BA2,446,G,T,0.7025,7.081,0.7985
LY-CoV1404 - BA2,446,G,V,0.7523,7.081,0.7985
LY-CoV1404 - BA2,446,G,W,0.7985,7.081,0.7985
LY-CoV1404 - BA2,446,G,Y,0.7304,7.081,0.7985
LY-CoV1404 - BA2,447,G,A,0.01875,6.02,0.7306
LY-CoV1404 - BA2,447,G,H,0.5147,6.02,0.7306
LY-CoV1404 - BA2,447,G,K,0.6968,6.02,0.7306
LY-CoV1404 - BA2,447,G,L,0.7264,6.02,0.7306
LY-CoV1404 - BA2,447,G,M,0.4435,6.02,0.7306
LY-CoV1404 - BA2,447,G,N,0.08283,6.02,0.7306
LY-CoV1404 - BA2,447,G,P,0.7306,6.02,0.7306
LY-CoV1404 - BA2,447,G,Q,0.6538,6.02,0.7306
LY-CoV1404 - BA2,447,G,R,0.4165,6.02,0.7306
LY-CoV1404 - BA2,447,G,S,0.007929,6.02,0.7306
LY-CoV1404 - BA2,447,G,T,0.3725,6.02,0.7306
LY-CoV1404 - BA2,447,G,V,0.7134,6.02,0.7306
LY-CoV1404 - BA2,447,G,Y,0.6426,6.02,0.7306
LY-CoV1404 - BA2,448,N,A,0.004144,2.196,0.7483
LY-CoV1404 - BA2,448,N,D,0.006075,2.196,0.7483
LY-CoV1404 - BA2,448,N,E,0.005966,2.196,0.7483
LY-CoV1404 - BA2,448,N,G,0.01313,2.196,0.7483
LY-CoV1404 - BA2,448,N,H,0.01931,2.196,0.7483
LY-CoV1404 - BA2,448,N,K,0.7118,2.196,0.7483
LY-CoV1404 - BA2,448,N,P,0.7483,2.196,0.7483
LY-CoV1404 - BA2,448,N,Q,0.006702,2.196,0.7483
LY-CoV1404 - BA2,448,N,R,0.652,2.196,0.7483
LY-CoV1404 - BA2,448,N,S,0.02216,2.196,0.7483
LY-CoV1404 - BA2,448,N,T,0.006304,2.196,0.7483
LY-CoV1404 - BA2,449,Y,A,0.003991,0.1162,0.01565
LY-CoV1404 - BA2,449,Y,C,0.004257,0.1162,0.01565
LY-CoV1404 - BA2,449,Y,D,0.00437,0.1162,0.01565
LY-CoV1404 - BA2,449,Y,E,0.00622,0.1162,0.01565
LY-CoV1404 - BA2,449,Y,F,0.004477,0.1162,0.01565
LY-CoV1404 - BA2,449,Y,G,0.00439,0.1162,0.01565
LY-CoV1404 - BA2,449,Y,H,0.004448,0.1162,0.01565
LY-CoV1404 - BA2,449,Y,I,0.005859,0.1162,0.01565
LY-CoV1404 - BA2,449,Y,K,0.007493,0.1162,0.01565
LY-CoV1404 - BA2,449,Y,L,0.01102,0.1162,0.01565
LY-CoV1404 - BA2,449,Y,M,0.005874,0.1162,0.01565
LY-CoV1404 - BA2,449,Y,N,0.005464,0.1162,0.01565
LY-CoV1404 - BA2,449,Y,P,0.007782,0.1162,0.01565
LY-CoV1404 - BA2,449,Y,Q,0.00663,0.1162,0.01565
LY-CoV1404 - BA2,449,Y,R,0.004807,0.1162,0.01565
LY-CoV1404 - BA2,449,Y,S,0.005364,0.1162,0.01565
LY-CoV1404 - BA2,449,Y,T,0.003739,0.1162,0.01565
LY-CoV1404 - BA2,449,Y,V,0.004411,0.1162,0.01565
LY-CoV1404 - BA2,449,Y,W,0.01565,0.1162,0.01565
LY-CoV1404 - BA2,450,N,A,0.003436,0.1897,0.08839
LY-CoV1404 - BA2,450,N,C,0.004447,0.1897,0.08839
LY-CoV1404 - BA2,450,N,D,0.005469,0.1897,0.08839
LY-CoV1404 - BA2,450,N,E,0.004941,0.1897,0.08839
LY-CoV1404 - BA2,450,N,F,0.008985,0.1897,0.08839
LY-CoV1404 - BA2,450,N,G,0.004447,0.1897,0.08839
LY-CoV1404 - BA2,450,N,H,0.005448,0.1897,0.08839
LY-CoV1404 - BA2,450,N,I,0.005107,0.1897,0.08839
LY-CoV1404 - BA2,450,N,K,0.008168,0.1897,0.08839
LY-CoV1404 - BA2,450,N,L,0.009116,0.1897,0.08839
LY-CoV1404 - BA2,450,N,M,0.003907,0.1897,0.08839
LY-CoV1404 - BA2,450,N,P,0.004027,0.1897,0.08839
LY-CoV1404 - BA2,450,N,Q,0.008131,0.1897,0.08839
LY-CoV1404 - BA2,450,N,R,0.008121,0.1897,0.08839
LY-CoV1404 - BA2,450,N,S,0.005029,0.1897,0.08839
LY-CoV1404 - BA2,450,N,T,0.08839,0.1897,0.08839
LY-CoV1404 - BA2,450,N,V,0.004269,0.1897,0.08839
LY-CoV1404 - BA2,450,N,W,0.004065,0.1897,0.08839
LY-CoV1404 - BA2,450,N,Y,0.004238,0.1897,0.08839
LY-CoV1404 - BA2,451,Y,A,0.03598,0.2025,0.07684
LY-CoV1404 - BA2,451,Y,C,0.04434,0.2025,0.07684
LY-CoV1404 - BA2,451,Y,F,0.00871,0.2025,0.07684
LY-CoV1404 - BA2,451,Y,H,0.005786,0.2025,0.07684
LY-CoV1404 - BA2,451,Y,I,0.004068,0.2025,0.07684
LY-CoV1404 - BA2,451,Y,L,0.01108,0.2025,0.07684
LY-CoV1404 - BA2,451,Y,M,0.005876,0.2025,0.07684
LY-CoV1404 - BA2,451,Y,N,0.07684,0.2025,0.07684
LY-CoV1404 - BA2,451,Y,Q,0.009838,0.2025,0.07684
LY-CoV1404 - BA2,452,L,A,0.004442,0.1111,0.01237
LY-CoV1404 - BA2,452,L,C,0.004216,0.1111,0.01237
LY-CoV1404 - BA2,452,L,D,0.007351,0.1111,0.01237
LY-CoV1404 - BA2,452,L,E,0.005903,0.1111,0.01237
LY-CoV1404 - BA2,452,L,F,0.004451,0.1111,0.01237
LY-CoV1404 - BA2,452,L,G,0.006698,0.1111,0.01237
LY-CoV1404 - BA2,452,L,H,0.005664,0.1111,0.01237
LY-CoV1404 - BA2,452,L,I,0.005,0.1111,0.01237
LY-CoV1404 - BA2,452,L,K,0.004185,0.1111,0.01237
LY-CoV1404 - BA2,452,L,M,0.004042,0.1111,0.01237
LY-CoV1404 - BA2,452,L,N,0.003855,0.1111,0.01237
LY-CoV1404 - BA2,452,L,Q,0.01191,0.1111,0.01237
LY-CoV1404 - BA2,452,L,R,0.00371,0.1111,0.01237
LY-CoV1404 - BA2,452,L,S,0.004083,0.1111,0.01237
LY-CoV1404 - BA2,452,L,T,0.009955,0.1111,0.01237
LY-CoV1404 - BA2,452,L,V,0.008494,0.1111,0.01237
LY-CoV1404 - BA2,452,L,W,0.01237,0.1111,0.01237
LY-CoV1404 - BA2,452,L,Y,0.004808,0.1111,0.01237
LY-CoV1404 - BA2,453,Y,A,0.007554,0.1471,0.06315
LY-CoV1404 - BA2,453,Y,E,0.06315,0.1471,0.06315
LY-CoV1404 - BA2,453,Y,F,0.004431,0.1471,0.06315
LY-CoV1404 - BA2,453,Y,H,0.02654,0.1471,0.06315
LY-CoV1404 - BA2,453,Y,K,0.007307,0.1471,0.06315
LY-CoV1404 - BA2,453,Y,M,0.006221,0.1471,0.06315
LY-CoV1404 - BA2,453,Y,Q,0.006392,0.1471,0.06315
LY-CoV1404 - BA2,453,Y,R,0.00498,0.1471,0.06315
LY-CoV1404 - BA2,453,Y,S,0.007601,0.1471,0.06315
LY-CoV1404 - BA2,453,Y,V,0.006322,0.1471,0.06315
LY-CoV1404 - BA2,453,Y,W,0.006612,0.1471,0.06315
LY-CoV1404 - BA2,455,L,A,0.004262,0.09689,0.01024
LY-CoV1404 - BA2,455,L,C,0.007545,0.09689,0.01024
LY-CoV1404 - BA2,455,L,F,0.007609,0.09689,0.01024
LY-CoV1404 - BA2,455,L,G,0.003738,0.09689,0.01024
LY-CoV1404 - BA2,455,L,H,0.01024,0.09689,0.01024
LY-CoV1404 - BA2,455,L,I,0.005126,0.09689,0.01024
LY-CoV1404 - BA2,455,L,K,0.004313,0.09689,0.01024
LY-CoV1404 - BA2,455,L,M,0.004439,0.09689,0.01024
LY-CoV1404 - BA2,455,L,N,0.00403,0.09689,0.01024
LY-CoV1404 - BA2,455,L,P,0.0051,0.09689,0.01024
LY-CoV1404 - BA2,455,L,Q,0.004142,0.09689,0.01024
LY-CoV1404 - BA2,455,L,R,0.00763,0.09689,0.01024
LY-CoV1404 - BA2,455,L,S,0.007876,0.09689,0.01024
LY-CoV1404 - BA2,455,L,T,0.006117,0.09689,0.01024
LY-CoV1404 - BA2,455,L,V,0.003512,0.09689,0.01024
LY-CoV1404 - BA2,455,L,W,0.005261,0.09689,0.01024
LY-CoV1404 - BA2,455,L,Y,0.005956,0.09689,0.01024
LY-CoV1404 - BA2,456,F,A,0.007422,0.1152,0.01699
LY-CoV1404 - BA2,456,F,C,0.004603,0.1152,0.01699
LY-CoV1404 - BA2,456,F,G,0.003437,0.1152,0.01699
LY-CoV1404 - BA2,456,F,H,0.004214,0.1152,0.01699
LY-CoV1404 - BA2,456,F,I,0.007789,0.1152,0.01699
LY-CoV1404 - BA2,456,F,K,0.00471,0.1152,0.01699
LY-CoV1404 - BA2,456,F,L,0.004515,0.1152,0.01699
LY-CoV1404 - BA2,456,F,M,0.008691,0.1152,0.01699
LY-CoV1404 - BA2,456,F,N,0.005611,0.1152,0.01699
LY-CoV1404 - BA2,456,F,P,0.01089,0.1152,0.01699
LY-CoV1404 - BA2,456,F,Q,0.006906,0.1152,0.01699
LY-CoV1404 - BA2,456,F,R,0.007489,0.1152,0.01699
LY-CoV1404 - BA2,456,F,S,0.004306,0.1152,0.01699
LY-CoV1404 - BA2,456,F,T,0.007523,0.1152,0.01699
LY-CoV1404 - BA2,456,F,V,0.00606,0.1152,0.01699
LY-CoV1404 - BA2,456,F,W,0.01699,0.1152,0.01699
LY-CoV1404 - BA2,456,F,Y,0.004022,0.1152,0.01699
LY-CoV1404 - BA2,457,R,A,0.02448,0.02945,0.02448
LY-CoV1404 - BA2,457,R,K,0.004962,0.02945,0.02448
LY-CoV1404 - BA2,458,K,A,0.007029,0.128,0.01874
LY-CoV1404 - BA2,458,K,C,0.0127,0.128,0.01874
LY-CoV1404 - BA2,458,K,D,0.004467,0.128,0.01874
LY-CoV1404 - BA2,458,K,E,0.004313,0.128,0.01874
LY-CoV1404 - BA2,458,K,F,0.005309,0.128,0.01874
LY-CoV1404 - BA2,458,K,G,0.005607,0.128,0.01874
LY-CoV1404 - BA2,458,K,H,0.009388,0.128,0.01874
LY-CoV1404 - BA2,458,K,I,0.004759,0.128,0.01874
LY-CoV1404 - BA2,458,K,L,0.00439,0.128,0.01874
LY-CoV1404 - BA2,458,K,M,0.004523,0.128,0.01874
LY-CoV1404 - BA2,458,K,N,0.004902,0.128,0.01874
LY-CoV1404 - BA2,458,K,P,0.007882,0.128,0.01874
LY-CoV1404 - BA2,458,K,Q,0.005388,0.128,0.01874
LY-CoV1404 - BA2,458,K,R,0.005288,0.128,0.01874
LY-CoV1404 - BA2,458,K,S,0.00509,0.128,0.01874
LY-CoV1404 - BA2,458,K,T,0.004187,0.128,0.01874
LY-CoV1404 - BA2,458,K,V,0.009575,0.128,0.01874
LY-CoV1404 - BA2,458,K,W,0.004477,0.128,0.01874
LY-CoV1404 - BA2,458,K,Y,0.01874,0.128,0.01874
LY-CoV1404 - BA2,459,S,A,0.006441,0.09557,0.007491
LY-CoV1404 - BA2,459,S,C,0.003835,0.09557,0.007491
LY-CoV1404 - BA2,459,S,D,0.004635,0.09557,0.007491
LY-CoV1404 - BA2,459,S,E,0.00621,0.09557,0.007491
LY-CoV1404 - BA2,459,S,F,0.004398,0.09557,0.007491
LY-CoV1404 - BA2,459,S,G,0.004946,0.09557,0.007491
LY-CoV1404 - BA2,459,S,H,0.004553,0.09557,0.007491
LY-CoV1404 - BA2,459,S,I,0.007491,0.09557,0.007491
LY-CoV1404 - BA2,459,S,K,0.00407,0.09557,0.007491
LY-CoV1404 - BA2,459,S,M,0.006218,0.09557,0.007491
LY-CoV1404 - BA2,459,S,N,0.00546,0.09557,0.007491
LY-CoV1404 - BA2,459,S,P,0.005103,0.09557,0.007491
LY-CoV1404 - BA2,459,S,Q,0.00503,0.09557,0.007491
LY-CoV1404 - BA2,459,S,R,0.005745,0.09557,0.007491
LY-CoV1404 - BA2,459,S,T,0.006066,0.09557,0.007491
LY-CoV1404 - BA2,459,S,V,0.007021,0.09557,0.007491
LY-CoV1404 - BA2,459,S,W,0.004225,0.09557,0.007491
LY-CoV1404 - BA2,459,S,Y,0.004124,0.09557,0.007491
LY-CoV1404 - BA2,460,N,A,0.004195,0.1071,0.01241
LY-CoV1404 - BA2,460,N,C,0.005254,0.1071,0.01241
LY-CoV1404 - BA2,460,N,D,0.004497,0.1071,0.01241
LY-CoV1404 - BA2,460,N,E,0.005069,0.1071,0.01241
LY-CoV1404 - BA2,460,N,F,0.00491,0.1071,0.01241
LY-CoV1404 - BA2,460,N,G,0.004089,0.1071,0.01241
LY-CoV1404 - BA2,460,N,H,0.004108,0.1071,0.01241
LY-CoV1404 - BA2,460,N,I,0.005382,0.1071,0.01241
LY-CoV1404 - BA2,460,N,K,0.004648,0.1071,0.01241
LY-CoV1404 - BA2,460,N,L,0.00581,0.1071,0.01241
LY-CoV1404 - BA2,460,N,M,0.01048,0.1071,0.01241
LY-CoV1404 - BA2,460,N,P,0.006388,0.1071,0.01241
LY-CoV1404 - BA2,460,N,Q,0.004074,0.1071,0.01241
LY-CoV1404 - BA2,460,N,R,0.004467,0.1071,0.01241
LY-CoV1404 - BA2,460,N,S,0.003414,0.1071,0.01241
LY-CoV1404 - BA2,460,N,T,0.01241,0.1071,0.01241
LY-CoV1404 - BA2,460,N,V,0.008196,0.1071,0.01241
LY-CoV1404 - BA2,460,N,Y,0.009718,0.1071,0.01241
LY-CoV1404 - BA2,461,L,I,0.005464,0.01648,0.005767
LY-CoV1404 - BA2,461,L,M,0.005248,0.01648,0.005767
LY-CoV1404 - BA2,461,L,V,0.005767,0.01648,0.005767
LY-CoV1404 - BA2,462,K,A,0.004754,0.1426,0.02635
LY-CoV1404 - BA2,462,K,C,0.005804,0.1426,0.02635
LY-CoV1404 - BA2,462,K,D,0.004433,0.1426,0.02635
LY-CoV1404 - BA2,462,K,E,0.01104,0.1426,0.02635
LY-CoV1404 - BA2,462,K,F,0.02635,0.1426,0.02635
LY-CoV1404 - BA2,462,K,G,0.008867,0.1426,0.02635
LY-CoV1404 - BA2,462,K,H,0.004792,0.1426,0.02635
LY-CoV1404 - BA2,462,K,I,0.003834,0.1426,0.02635
LY-CoV1404 - BA2,462,K,L,0.01805,0.1426,0.02635
LY-CoV1404 - BA2,462,K,M,0.00409,0.1426,0.02635
LY-CoV1404 - BA2,462,K,N,0.003474,0.1426,0.02635
LY-CoV1404 - BA2,462,K,P,0.009058,0.1426,0.02635
LY-CoV1404 - BA2,462,K,Q,0.004626,0.1426,0.02635
LY-CoV1404 - BA2,462,K,R,0.003959,0.1426,0.02635
LY-CoV1404 - BA2,462,K,S,0.007834,0.1426,0.02635
LY-CoV1404 - BA2,462,K,T,0.005558,0.1426,0.02635
LY-CoV1404 - BA2,462,K,V,0.004191,0.1426,0.02635
LY-CoV1404 - BA2,462,K,Y,0.01186,0.1426,0.02635
LY-CoV1404 - BA2,463,P,A,0.006654,0.01827,0.006774
LY-CoV1404 - BA2,463,P,G,0.006774,0.01827,0.006774
LY-CoV1404 - BA2,463,P,S,0.004841,0.01827,0.006774
LY-CoV1404 - BA2,464,F,A,0.003921,0.09773,0.01404
LY-CoV1404 - BA2,464,F,C,0.01404,0.09773,0.01404
LY-CoV1404 - BA2,464,F,D,0.008458,0.09773,0.01404
LY-CoV1404 - BA2,464,F,E,0.006327,0.09773,0.01404
LY-CoV1404 - BA2,464,F,G,0.005429,0.09773,0.01404
LY-CoV1404 - BA2,464,F,H,0.004503,0.09773,0.01404
LY-CoV1404 - BA2,464,F,L,0.006972,0.09773,0.01404
LY-CoV1404 - BA2,464,F,M,0.004802,0.09773,0.01404
LY-CoV1404 - BA2,464,F,N,0.008297,0.09773,0.01404
LY-CoV1404 - BA2,464,F,Q,0.006026,0.09773,0.01404
LY-CoV1404 - BA2,464,F,R,0.005873,0.09773,0.01404
LY-CoV1404 - BA2,464,F,S,0.00647,0.09773,0.01404
LY-CoV1404 - BA2,464,F,T,0.006463,0.09773,0.01404
LY-CoV1404 - BA2,464,F,W,0.005161,0.09773,0.01404
LY-CoV1404 - BA2,464,F,Y,0.004991,0.09773,0.01404
LY-CoV1404 - BA2,465,E,A,0.005057,0.04189,0.008653
LY-CoV1404 - BA2,465,E,D,0.004899,0.04189,0.008653
LY-CoV1404 - BA2,465,E,G,0.004993,0.04189,0.008653
LY-CoV1404 - BA2,465,E,H,0.004873,0.04189,0.008653
LY-CoV1404 - BA2,465,E,Q,0.008653,0.04189,0.008653
LY-CoV1404 - BA2,465,E,S,0.007589,0.04189,0.008653
LY-CoV1404 - BA2,465,E,T,0.005822,0.04189,0.008653
LY-CoV1404 - BA2,466,R,H,0.00929,0.02252,0.00929
LY-CoV1404 - BA2,466,R,K,0.007796,0.02252,0.00929
LY-CoV1404 - BA2,466,R,Q,0.005437,0.02252,0.00929
LY-CoV1404 - BA2,468,I,A,0.003844,0.1083,0.01252
LY-CoV1404 - BA2,468,I,C,0.007966,0.1083,0.01252
LY-CoV1404 - BA2,468,I,D,0.003575,0.1083,0.01252
LY-CoV1404 - BA2,468,I,E,0.00418,0.1083,0.01252
LY-CoV1404 - BA2,468,I,F,0.01004,0.1083,0.01252
LY-CoV1404 - BA2,468,I,G,0.00484,0.1083,0.01252
LY-CoV1404 - BA2,468,I,H,0.004313,0.1083,0.01252
LY-CoV1404 - BA2,468,I,K,0.0053,0.1083,0.01252
LY-CoV1404 - BA2,468,I,L,0.007233,0.1083,0.01252
LY-CoV1404 - BA2,468,I,M,0.004029,0.1083,0.01252
LY-CoV1404 - BA2,468,I,N,0.005244,0.1083,0.01252
LY-CoV1404 - BA2,468,I,P,0.004578,0.1083,0.01252
LY-CoV1404 - BA2,468,I,Q,0.004689,0.1083,0.01252
LY-CoV1404 - BA2,468,I,R,0.005605,0.1083,0.01252
LY-CoV1404 - BA2,468,I,S,0.006777,0.1083,0.01252
LY-CoV1404 - BA2,468,I,T,0.005273,0.1083,0.01252
LY-CoV1404 - BA2,468,I,V,0.01252,0.1083,0.01252
LY-CoV1404 - BA2,468,I,W,0.004723,0.1083,0.01252
LY-CoV1404 - BA2,468,I,Y,0.003535,0.1083,0.01252
LY-CoV1404 - BA2,469,S,A,0.00546,0.06617,0.0121
LY-CoV1404 - BA2,469,S,C,0.0121,0.06617,0.0121
LY-CoV1404 - BA2,469,S,D,0.004225,0.06617,0.0121
LY-CoV1404 - BA2,469,S,E,0.006897,0.06617,0.0121
LY-CoV1404 - BA2,469,S,G,0.007646,0.06617,0.0121
LY-CoV1404 - BA2,469,S,H,0.005207,0.06617,0.0121
LY-CoV1404 - BA2,469,S,K,0.005713,0.06617,0.0121
LY-CoV1404 - BA2,469,S,N,0.005179,0.06617,0.0121
LY-CoV1404 - BA2,469,S,Q,0.003855,0.06617,0.0121
LY-CoV1404 - BA2,469,S,R,0.005316,0.06617,0.0121
LY-CoV1404 - BA2,469,S,T,0.004579,0.06617,0.0121
LY-CoV1404 - BA2,470,T,A,0.004472,0.117,0.01876
LY-CoV1404 - BA2,470,T,C,0.00787,0.117,0.01876
LY-CoV1404 - BA2,470,T,D,0.004334,0.117,0.01876
LY-CoV1404 - BA2,470,T,E,0.005816,0.117,0.01876
LY-CoV1404 - BA2,470,T,F,0.003931,0.117,0.01876
LY-CoV1404 - BA2,470,T,G,0.005783,0.117,0.01876
LY-CoV1404 - BA2,470,T,H,0.004367,0.117,0.01876
LY-CoV1404 - BA2,470,T,I,0.00733,0.117,0.01876
LY-CoV1404 - BA2,470,T,K,0.006356,0.117,0.01876
LY-CoV1404 - BA2,470,T,L,0.004659,0.117,0.01876
LY-CoV1404 - BA2,470,T,M,0.005773,0.117,0.01876
LY-CoV1404 - BA2,470,T,N,0.01876,0.117,0.01876
LY-CoV1404 - BA2,470,T,P,0.01056,0.117,0.01876
LY-CoV1404 - BA2,470,T,Q,0.00488,0.117,0.01876
LY-CoV1404 - BA2,470,T,R,0.003847,0.117,0.01876
LY-CoV1404 - BA2,470,T,S,0.004401,0.117,0.01876
LY-CoV1404 - BA2,470,T,V,0.004411,0.117,0.01876
LY-CoV1404 - BA2,470,T,W,0.004891,0.117,0.01876
LY-CoV1404 - BA2,470,T,Y,0.004564,0.117,0.01876
LY-CoV1404 - BA2,471,E,A,0.004567,0.1044,0.01087
LY-CoV1404 - BA2,471,E,C,0.007691,0.1044,0.01087
LY-CoV1404 - BA2,471,E,D,0.005071,0.1044,0.01087
LY-CoV1404 - BA2,471,E,F,0.00766,0.1044,0.01087
LY-CoV1404 - BA2,471,E,G,0.004759,0.1044,0.01087
LY-CoV1404 - BA2,471,E,H,0.004672,0.1044,0.01087
LY-CoV1404 - BA2,471,E,I,0.005043,0.1044,0.01087
LY-CoV1404 - BA2,471,E,K,0.01087,0.1044,0.01087
LY-CoV1404 - BA2,471,E,L,0.005017,0.1044,0.01087
LY-CoV1404 - BA2,471,E,M,0.006609,0.1044,0.01087
LY-CoV1404 - BA2,471,E,N,0.005053,0.1044,0.01087
LY-CoV1404 - BA2,471,E,P,0.007669,0.1044,0.01087
LY-CoV1404 - BA2,471,E,Q,0.004244,0.1044,0.01087
LY-CoV1404 - BA2,471,E,R,0.004789,0.1044,0.01087
LY-CoV1404 - BA2,471,E,S,0.005501,0.1044,0.01087
LY-CoV1404 - BA2,471,E,T,0.005334,0.1044,0.01087
LY-CoV1404 - BA2,471,E,V,0.004483,0.1044,0.01087
LY-CoV1404 - BA2,471,E,Y,0.005329,0.1044,0.01087
LY-CoV1404 - BA2,472,I,A,0.004505,0.1144,0.02396
LY-CoV1404 - BA2,472,I,C,0.006441,0.1144,0.02396
LY-CoV1404 - BA2,472,I,E,0.006603,0.1144,0.02396
LY-CoV1404 - BA2,472,I,F,0.005211,0.1144,0.02396
LY-CoV1404 - BA2,472,I,H,0.02396,0.1144,0.02396
LY-CoV1404 - BA2,472,I,K,0.006691,0.1144,0.02396
LY-CoV1404 - BA2,472,I,L,0.004363,0.1144,0.02396
LY-CoV1404 - BA2,472,I,M,0.003898,0.1144,0.02396
LY-CoV1404 - BA2,472,I,N,0.005518,0.1144,0.02396
LY-CoV1404 - BA2,472,I,P,0.00449,0.1144,0.02396
LY-CoV1404 - BA2,472,I,Q,0.00525,0.1144,0.02396
LY-CoV1404 - BA2,472,I,R,0.006876,0.1144,0.02396
LY-CoV1404 - BA2,472,I,S,0.005623,0.1144,0.02396
LY-CoV1404 - BA2,472,I,T,0.005825,0.1144,0.02396
LY-CoV1404 - BA2,472,I,V,0.004976,0.1144,0.02396
LY-CoV1404 - BA2,472,I,W,0.009369,0.1144,0.02396
LY-CoV1404 - BA2,472,I,Y,0.004757,0.1144,0.02396
LY-CoV1404 - BA2,473,Y,A,0.004333,0.0756,0.01053
LY-CoV1404 - BA2,473,Y,C,0.006804,0.0756,0.01053
LY-CoV1404 - BA2,473,Y,F,0.008063,0.0756,0.01053
LY-CoV1404 - BA2,473,Y,H,0.00453,0.0756,0.01053
LY-CoV1404 - BA2,473,Y,I,0.007031,0.0756,0.01053
LY-CoV1404 - BA2,473,Y,L,0.006037,0.0756,0.01053
LY-CoV1404 - BA2,473,Y,M,0.005935,0.0756,0.01053
LY-CoV1404 - BA2,473,Y,Q,0.005885,0.0756,0.01053
LY-CoV1404 - BA2,473,Y,S,0.01053,0.0756,0.01053
LY-CoV1404 - BA2,473,Y,T,0.006743,0.0756,0.01053
LY-CoV1404 - BA2,473,Y,V,0.00451,0.0756,0.01053
LY-CoV1404 - BA2,473,Y,W,0.005207,0.0756,0.01053
LY-CoV1404 - BA2,474,Q,A,0.01114,0.0843,0.01114
LY-CoV1404 - BA2,474,Q,D,0.006858,0.0843,0.01114
LY-CoV1404 - BA2,474,Q,E,0.005524,0.0843,0.01114
LY-CoV1404 - BA2,474,Q,G,0.004376,0.0843,0.01114
LY-CoV1404 - BA2,474,Q,H,0.006771,0.0843,0.01114
LY-CoV1404 - BA2,474,Q,K,0.006589,0.0843,0.01114
LY-CoV1404 - BA2,474,Q,M,0.005816,0.0843,0.01114
LY-CoV1404 - BA2,474,Q,N,0.005336,0.0843,0.01114
LY-CoV1404 - BA2,474,Q,P,0.007355,0.0843,0.01114
LY-CoV1404 - BA2,474,Q,R,0.007551,0.0843,0.01114
LY-CoV1404 - BA2,474,Q,S,0.004896,0.0843,0.01114
LY-CoV1404 - BA2,474,Q,T,0.00718,0.0843,0.01114
LY-CoV1404 - BA2,474,Q,V,0.004904,0.0843,0.01114
LY-CoV1404 - BA2,475,A,C,0.004295,0.08557,0.01917
LY-CoV1404 - BA2,475,A,F,0.003823,0.08557,0.01917
LY-CoV1404 - BA2,475,A,G,0.00574,0.08557,0.01917
LY-CoV1404 - BA2,475,A,I,0.005983,0.08557,0.01917
LY-CoV1404 - BA2,475,A,K,0.004677,0.08557,0.01917
LY-CoV1404 - BA2,475,A,L,0.005558,0.08557,0.01917
LY-CoV1404 - BA2,475,A,M,0.006219,0.08557,0.01917
LY-CoV1404 - BA2,475,A,N,0.004498,0.08557,0.01917
LY-CoV1404 - BA2,475,A,P,0.01917,0.08557,0.01917
LY-CoV1404 - BA2,475,A,Q,0.008416,0.08557,0.01917
LY-CoV1404 - BA2,475,A,R,0.004688,0.08557,0.01917
LY-CoV1404 - BA2,475,A,S,0.003946,0.08557,0.01917
LY-CoV1404 - BA2,475,A,T,0.004201,0.08557,0.01917
LY-CoV1404 - BA2,475,A,V,0.004358,0.08557,0.01917
LY-CoV1404 - BA2,476,G,A,0.004361,0.05364,0.01039
LY-CoV1404 - BA2,476,G,C,0.005492,0.05364,0.01039
LY-CoV1404 - BA2,476,G,D,0.005609,0.05364,0.01039
LY-CoV1404 - BA2,476,G,H,0.01039,0.05364,0.01039
LY-CoV1404 - BA2,476,G,N,0.007211,0.05364,0.01039
LY-CoV1404 - BA2,476,G,Q,0.00377,0.05364,0.01039
LY-CoV1404 - BA2,476,G,R,0.004311,0.05364,0.01039
LY-CoV1404 - BA2,476,G,S,0.005285,0.05364,0.01039
LY-CoV1404 - BA2,476,G,T,0.007203,0.05364,0.01039
LY-CoV1404 - BA2,477,N,A,0.003683,0.1117,0.01082
LY-CoV1404 - BA2,477,N,C,0.006908,0.1117,0.01082
LY-CoV1404 - BA2,477,N,D,0.004266,0.1117,0.01082
LY-CoV1404 - BA2,477,N,E,0.01082,0.1117,0.01082
LY-CoV1404 - BA2,477,N,F,0.003797,0.1117,0.01082
LY-CoV1404 - BA2,477,N,G,0.005085,0.1117,0.01082
LY-CoV1404 - BA2,477,N,H,0.005018,0.1117,0.01082
LY-CoV1404 - BA2,477,N,I,0.00734,0.1117,0.01082
LY-CoV1404 - BA2,477,N,K,0.004711,0.1117,0.01082
LY-CoV1404 - BA2,477,N,L,0.004409,0.1117,0.01082
LY-CoV1404 - BA2,477,N,M,0.00458,0.1117,0.01082
LY-CoV1404 - BA2,477,N,P,0.009975,0.1117,0.01082
LY-CoV1404 - BA2,477,N,Q,0.00479,0.1117,0.01082
LY-CoV1404 - BA2,477,N,R,0.004853,0.1117,0.01082
LY-CoV1404 - BA2,477,N,S,0.004572,0.1117,0.01082
LY-CoV1404 - BA2,477,N,T,0.008551,0.1117,0.01082
LY-CoV1404 - BA2,477,N,V,0.003603,0.1117,0.01082
LY-CoV1404 - BA2,477,N,W,0.009555,0.1117,0.01082
LY-CoV1404 - BA2,477,N,Y,0.005208,0.1117,0.01082
LY-CoV1404 - BA2,478,K,A,0.00683,0.1046,0.008057
LY-CoV1404 - BA2,478,K,C,0.005703,0.1046,0.008057
LY-CoV1404 - BA2,478,K,D,0.005235,0.1046,0.008057
LY-CoV1404 - BA2,478,K,E,0.007784,0.1046,0.008057
LY-CoV1404 - BA2,478,K,F,0.004779,0.1046,0.008057
LY-CoV1404 - BA2,478,K,G,0.006077,0.1046,0.008057
LY-CoV1404 - BA2,478,K,H,0.006921,0.1046,0.008057
LY-CoV1404 - BA2,478,K,I,0.004182,0.1046,0.008057
LY-CoV1404 - BA2,478,K,L,0.006742,0.1046,0.008057
LY-CoV1404 - BA2,478,K,M,0.00502,0.1046,0.008057
LY-CoV1404 - BA2,478,K,N,0.004725,0.1046,0.008057
LY-CoV1404 - BA2,478,K,P,0.004647,0.1046,0.008057
LY-CoV1404 - BA2,478,K,Q,0.004422,0.1046,0.008057
LY-CoV1404 - BA2,478,K,R,0.005139,0.1046,0.008057
LY-CoV1404 - BA2,478,K,S,0.008057,0.1046,0.008057
LY-CoV1404 - BA2,478,K,T,0.004686,0.1046,0.008057
LY-CoV1404 - BA2,478,K,V,0.00503,0.1046,0.008057
LY-CoV1404 - BA2,478,K,W,0.00458,0.1046,0.008057
LY-CoV1404 - BA2,478,K,Y,0.004018,0.1046,0.008057
LY-CoV1404 - BA2,479,P,A,0.003755,0.1069,0.01305
LY-CoV1404 - BA2,479,P,C,0.005927,0.1069,0.01305
LY-CoV1404 - BA2,479,P,D,0.006985,0.1069,0.01305
LY-CoV1404 - BA2,479,P,E,0.003312,0.1069,0.01305
LY-CoV1404 - BA2,479,P,F,0.00602,0.1069,0.01305
LY-CoV1404 - BA2,479,P,G,0.004449,0.1069,0.01305
LY-CoV1404 - BA2,479,P,H,0.005963,0.1069,0.01305
LY-CoV1404 - BA2,479,P,I,0.004122,0.1069,0.01305
LY-CoV1404 - BA2,479,P,K,0.004607,0.1069,0.01305
LY-CoV1404 - BA2,479,P,L,0.008635,0.1069,0.01305
LY-CoV1404 - BA2,479,P,M,0.01305,0.1069,0.01305
LY-CoV1404 - BA2,479,P,N,0.004464,0.1069,0.01305
LY-CoV1404 - BA2,479,P,Q,0.005227,0.1069,0.01305
LY-CoV1404 - BA2,479,P,R,0.004712,0.1069,0.01305
LY-CoV1404 - BA2,479,P,S,0.006096,0.1069,0.01305
LY-CoV1404 - BA2,479,P,T,0.004886,0.1069,0.01305
LY-CoV1404 - BA2,479,P,V,0.004411,0.1069,0.01305
LY-CoV1404 - BA2,479,P,W,0.004632,0.1069,0.01305
LY-CoV1404 - BA2,479,P,Y,0.005659,0.1069,0.01305
LY-CoV1404 - BA2,481,N,A,0.002981,0.121,0.01458
LY-CoV1404 - BA2,481,N,C,0.004927,0.121,0.01458
LY-CoV1404 - BA2,481,N,D,0.01458,0.121,0.01458
LY-CoV1404 - BA2,481,N,E,0.006332,0.121,0.01458
LY-CoV1404 - BA2,481,N,F,0.01022,0.121,0.01458
LY-CoV1404 - BA2,481,N,G,0.004652,0.121,0.01458
LY-CoV1404 - BA2,481,N,H,0.004847,0.121,0.01458
LY-CoV1404 - BA2,481,N,I,0.006566,0.121,0.01458
LY-CoV1404 - BA2,481,N,K,0.004476,0.121,0.01458
LY-CoV1404 - BA2,481,N,L,0.004795,0.121,0.01458
LY-CoV1404 - BA2,481,N,M,0.00729,0.121,0.01458
LY-CoV1404 - BA2,481,N,P,0.004345,0.121,0.01458
LY-CoV1404 - BA2,481,N,Q,0.004353,0.121,0.01458
LY-CoV1404 - BA2,481,N,R,0.01037,0.121,0.01458
LY-CoV1404 - BA2,481,N,S,0.008656,0.121,0.01458
LY-CoV1404 - BA2,481,N,T,0.003799,0.121,0.01458
LY-CoV1404 - BA2,481,N,V,0.006617,0.121,0.01458
LY-CoV1404 - BA2,481,N,W,0.006362,0.121,0.01458
LY-CoV1404 - BA2,481,N,Y,0.004835,0.121,0.01458
LY-CoV1404 - BA2,482,G,A,0.01269,0.1378,0.01819
LY-CoV1404 - BA2,482,G,C,0.007786,0.1378,0.01819
LY-CoV1404 - BA2,482,G,D,0.005291,0.1378,0.01819
LY-CoV1404 - BA2,482,G,E,0.003951,0.1378,0.01819
LY-CoV1404 - BA2,482,G,F,0.00969,0.1378,0.01819
LY-CoV1404 - BA2,482,G,H,0.003419,0.1378,0.01819
LY-CoV1404 - BA2,482,G,I,0.009437,0.1378,0.01819
LY-CoV1404 - BA2,482,G,K,0.01089,0.1378,0.01819
LY-CoV1404 - BA2,482,G,L,0.005895,0.1378,0.01819
LY-CoV1404 - BA2,482,G,M,0.004616,0.1378,0.01819
LY-CoV1404 - BA2,482,G,N,0.004557,0.1378,0.01819
LY-CoV1404 - BA2,482,G,P,0.005492,0.1378,0.01819
LY-CoV1404 - BA2,482,G,Q,0.004437,0.1378,0.01819
LY-CoV1404 - BA2,482,G,R,0.01175,0.1378,0.01819
LY-CoV1404 - BA2,482,G,S,0.00604,0.1378,0.01819
LY-CoV1404 - BA2,482,G,T,0.007154,0.1378,0.01819
LY-CoV1404 - BA2,482,G,V,0.006508,0.1378,0.01819
LY-CoV1404 - BA2,482,G,Y,0.01819,0.1378,0.01819
LY-CoV1404 - BA2,483,V,A,0.003795,0.0921,0.007108
LY-CoV1404 - BA2,483,V,C,0.004065,0.0921,0.007108
LY-CoV1404 - BA2,483,V,D,0.003912,0.0921,0.007108
LY-CoV1404 - BA2,483,V,E,0.005829,0.0921,0.007108
LY-CoV1404 - BA2,483,V,F,0.007108,0.0921,0.007108
LY-CoV1404 - BA2,483,V,G,0.004427,0.0921,0.007108
LY-CoV1404 - BA2,483,V,H,0.005157,0.0921,0.007108
LY-CoV1404 - BA2,483,V,I,0.003958,0.0921,0.007108
LY-CoV1404 - BA2,483,V,K,0.006288,0.0921,0.007108
LY-CoV1404 - BA2,483,V,L,0.004549,0.0921,0.007108
LY-CoV1404 - BA2,483,V,M,0.004891,0.0921,0.007108
LY-CoV1404 - BA2,483,V,N,0.005585,0.0921,0.007108
LY-CoV1404 - BA2,483,V,P,0.004009,0.0921,0.007108
LY-CoV1404 - BA2,483,V,Q,0.004442,0.0921,0.007108
LY-CoV1404 - BA2,483,V,R,0.004651,0.0921,0.007108
LY-CoV1404 - BA2,483,V,S,0.004717,0.0921,0.007108
LY-CoV1404 - BA2,483,V,T,0.004764,0.0921,0.007108
LY-CoV1404 - BA2,483,V,W,0.005371,0.0921,0.007108
LY-CoV1404 - BA2,483,V,Y,0.004579,0.0921,0.007108
LY-CoV1404 - BA2,484,A,C,0.007109,0.105,0.01168
LY-CoV1404 - BA2,484,A,D,0.004238,0.105,0.01168
LY-CoV1404 - BA2,484,A,E,0.004273,0.105,0.01168
LY-CoV1404 - BA2,484,A,F,0.004336,0.105,0.01168
LY-CoV1404 - BA2,484,A,G,0.00436,0.105,0.01168
LY-CoV1404 - BA2,484,A,H,0.004895,0.105,0.01168
LY-CoV1404 - BA2,484,A,I,0.008331,0.105,0.01168
LY-CoV1404 - BA2,484,A,K,0.004438,0.105,0.01168
LY-CoV1404 - BA2,484,A,L,0.007416,0.105,0.01168
LY-CoV1404 - BA2,484,A,M,0.004729,0.105,0.01168
LY-CoV1404 - BA2,484,A,N,0.005584,0.105,0.01168
LY-CoV1404 - BA2,484,A,P,0.005413,0.105,0.01168
LY-CoV1404 - BA2,484,A,Q,0.005371,0.105,0.01168
LY-CoV1404 - BA2,484,A,R,0.005146,0.105,0.01168
LY-CoV1404 - BA2,484,A,S,0.004158,0.105,0.01168
LY-CoV1404 - BA2,484,A,T,0.004426,0.105,0.01168
LY-CoV1404 - BA2,484,A,V,0.004387,0.105,0.01168
LY-CoV1404 - BA2,484,A,W,0.004736,0.105,0.01168
LY-CoV1404 - BA2,484,A,Y,0.01168,0.105,0.01168
LY-CoV1404 - BA2,485,G,A,0.006404,0.1127,0.02387
LY-CoV1404 - BA2,485,G,C,0.003821,0.1127,0.02387
LY-CoV1404 - BA2,485,G,D,0.008408,0.1127,0.02387
LY-CoV1404 - BA2,485,G,E,0.005884,0.1127,0.02387
LY-CoV1404 - BA2,485,G,H,0.003699,0.1127,0.02387
LY-CoV1404 - BA2,485,G,K,0.008808,0.1127,0.02387
LY-CoV1404 - BA2,485,G,L,0.01205,0.1127,0.02387
LY-CoV1404 - BA2,485,G,M,0.009999,0.1127,0.02387
LY-CoV1404 - BA2,485,G,N,0.00434,0.1127,0.02387
LY-CoV1404 - BA2,485,G,P,0.004174,0.1127,0.02387
LY-CoV1404 - BA2,485,G,Q,0.003446,0.1127,0.02387
LY-CoV1404 - BA2,485,G,R,0.005072,0.1127,0.02387
LY-CoV1404 - BA2,485,G,S,0.004675,0.1127,0.02387
LY-CoV1404 - BA2,485,G,T,0.003459,0.1127,0.02387
LY-CoV1404 - BA2,485,G,V,0.02387,0.1127,0.02387
LY-CoV1404 - BA2,485,G,W,0.004613,0.1127,0.02387
LY-CoV1404 - BA2,486,F,A,0.009277,0.1233,0.01612
LY-CoV1404 - BA2,486,F,C,0.004901,0.1233,0.01612
LY-CoV1404 - BA2,486,F,D,0.01024,0.1233,0.01612
LY-CoV1404 - BA2,486,F,E,0.004266,0.1233,0.01612
LY-CoV1404 - BA2,486,F,G,0.003658,0.1233,0.01612
LY-CoV1404 - BA2,486,F,H,0.009292,0.1233,0.01612
LY-CoV1404 - BA2,486,F,I,0.005182,0.1233,0.01612
LY-CoV1404 - BA2,486,F,K,0.00746,0.1233,0.01612
LY-CoV1404 - BA2,486,F,L,0.004486,0.1233,0.01612
LY-CoV1404 - BA2,486,F,M,0.00395,0.1233,0.01612
LY-CoV1404 - BA2,486,F,N,0.003984,0.1233,0.01612
LY-CoV1404 - BA2,486,F,P,0.004729,0.1233,0.01612
LY-CoV1404 - BA2,486,F,Q,0.008451,0.1233,0.01612
LY-CoV1404 - BA2,486,F,R,0.01129,0.1233,0.01612
LY-CoV1404 - BA2,486,F,S,0.004516,0.1233,0.01612
LY-CoV1404 - BA2,486,F,T,0.003474,0.1233,0.01612
LY-CoV1404 - BA2,486,F,V,0.004262,0.1233,0.01612
LY-CoV1404 - BA2,486,F,W,0.01612,0.1233,0.01612
LY-CoV1404 - BA2,486,F,Y,0.003763,0.1233,0.01612
LY-CoV1404 - BA2,487,N,C,0.004198,0.04032,0.01101
LY-CoV1404 - BA2,487,N,D,0.003463,0.04032,0.01101
LY-CoV1404 - BA2,487,N,G,0.00674,0.04032,0.01101
LY-CoV1404 - BA2,487,N,H,0.005174,0.04032,0.01101
LY-CoV1404 - BA2,487,N,R,0.00494,0.04032,0.01101
LY-CoV1404 - BA2,487,N,S,0.01101,0.04032,0.01101
LY-CoV1404 - BA2,487,N,W,0.004793,0.04032,0.01101
LY-CoV1404 - BA2,489,Y,F,0.006519,0.0211,0.006519
LY-CoV1404 - BA2,489,Y,H,0.00559,0.0211,0.006519
LY-CoV1404 - BA2,489,Y,R,0.004593,0.0211,0.006519
LY-CoV1404 - BA2,489,Y,W,0.004397,0.0211,0.006519
LY-CoV1404 - BA2,490,F,A,0.004486,0.1142,0.02104
LY-CoV1404 - BA2,490,F,C,0.004794,0.1142,0.02104
LY-CoV1404 - BA2,490,F,D,0.004918,0.1142,0.02104
LY-CoV1404 - BA2,490,F,E,0.004258,0.1142,0.02104
LY-CoV1404 - BA2,490,F,G,0.006105,0.1142,0.02104
LY-CoV1404 - BA2,490,F,H,0.005745,0.1142,0.02104
LY-CoV1404 - BA2,490,F,I,0.004174,0.1142,0.02104
LY-CoV1404 - BA2,490,F,K,0.003728,0.1142,0.02104
LY-CoV1404 - BA2,490,F,L,0.005418,0.1142,0.02104
LY-CoV1404 - BA2,490,F,M,0.006885,0.1142,0.02104
LY-CoV1404 - BA2,490,F,N,0.007495,0.1142,0.02104
LY-CoV1404 - BA2,490,F,P,0.02104,0.1142,0.02104
LY-CoV1404 - BA2,490,F,Q,0.00483,0.1142,0.02104
LY-CoV1404 - BA2,490,F,R,0.005167,0.1142,0.02104
LY-CoV1404 - BA2,490,F,S,0.004203,0.1142,0.02104
LY-CoV1404 - BA2,490,F,T,0.005417,0.1142,0.02104
LY-CoV1404 - BA2,490,F,V,0.006201,0.1142,0.02104
LY-CoV1404 - BA2,490,F,W,0.005646,0.1142,0.02104
LY-CoV1404 - BA2,490,F,Y,0.003668,0.1142,0.02104
LY-CoV1404 - BA2,491,P,A,0.005756,0.03112,0.01368
LY-CoV1404 - BA2,491,P,N,0.006607,0.03112,0.01368
LY-CoV1404 - BA2,491,P,S,0.005079,0.03112,0.01368
LY-CoV1404 - BA2,491,P,T,0.01368,0.03112,0.01368
LY-CoV1404 - BA2,492,L,F,0.01227,0.06024,0.02022
LY-CoV1404 - BA2,492,L,I,0.01149,0.06024,0.02022
LY-CoV1404 - BA2,492,L,M,0.02022,0.06024,0.02022
LY-CoV1404 - BA2,492,L,V,0.01626,0.06024,0.02022
LY-CoV1404 - BA2,493,R,A,0.00439,0.1372,0.02182
LY-CoV1404 - BA2,493,R,C,0.004512,0.1372,0.02182
LY-CoV1404 - BA2,493,R,D,0.00752,0.1372,0.02182
LY-CoV1404 - BA2,493,R,E,0.004238,0.1372,0.02182
LY-CoV1404 - BA2,493,R,F,0.02182,0.1372,0.02182
LY-CoV1404 - BA2,493,R,G,0.004907,0.1372,0.02182
LY-CoV1404 - BA2,493,R,H,0.008714,0.1372,0.02182
LY-CoV1404 - BA2,493,R,I,0.01161,0.1372,0.02182
LY-CoV1404 - BA2,493,R,K,0.01142,0.1372,0.02182
LY-CoV1404 - BA2,493,R,L,0.005586,0.1372,0.02182
LY-CoV1404 - BA2,493,R,M,0.004556,0.1372,0.02182
LY-CoV1404 - BA2,493,R,N,0.003779,0.1372,0.02182
LY-CoV1404 - BA2,493,R,Q,0.007693,0.1372,0.02182
LY-CoV1404 - BA2,493,R,S,0.004749,0.1372,0.02182
LY-CoV1404 - BA2,493,R,T,0.004171,0.1372,0.02182
LY-CoV1404 - BA2,493,R,V,0.006877,0.1372,0.02182
LY-CoV1404 - BA2,493,R,W,0.01482,0.1372,0.02182
LY-CoV1404 - BA2,493,R,Y,0.005782,0.1372,0.02182
LY-CoV1404 - BA2,494,S,A,0.004688,0.1235,0.02652
LY-CoV1404 - BA2,494,S,C,0.01952,0.1235,0.02652
LY-CoV1404 - BA2,494,S,D,0.004669,0.1235,0.02652
LY-CoV1404 - BA2,494,S,E,0.005802,0.1235,0.02652
LY-CoV1404 - BA2,494,S,F,0.004374,0.1235,0.02652
LY-CoV1404 - BA2,494,S,G,0.004358,0.1235,0.02652
LY-CoV1404 - BA2,494,S,H,0.005313,0.1235,0.02652
LY-CoV1404 - BA2,494,S,K,0.005225,0.1235,0.02652
LY-CoV1404 - BA2,494,S,M,0.005398,0.1235,0.02652
LY-CoV1404 - BA2,494,S,N,0.00424,0.1235,0.02652
LY-CoV1404 - BA2,494,S,P,0.005112,0.1235,0.02652
LY-CoV1404 - BA2,494,S,Q,0.005513,0.1235,0.02652
LY-CoV1404 - BA2,494,S,R,0.007836,0.1235,0.02652
LY-CoV1404 - BA2,494,S,T,0.005924,0.1235,0.02652
LY-CoV1404 - BA2,494,S,V,0.008979,0.1235,0.02652
LY-CoV1404 - BA2,494,S,Y,0.02652,0.1235,0.02652
LY-CoV1404 - BA2,496,G,A,0.003584,0.1077,0.01999
LY-CoV1404 - BA2,496,G,C,0.005835,0.1077,0.01999
LY-CoV1404 - BA2,496,G,F,0.007261,0.1077,0.01999
LY-CoV1404 - BA2,496,G,H,0.01008,0.1077,0.01999
LY-CoV1404 - BA2,496,G,I,0.008583,0.1077,0.01999
LY-CoV1404 - BA2,496,G,K,0.01999,0.1077,0.01999
LY-CoV1404 - BA2,496,G,L,0.005014,0.1077,0.01999
LY-CoV1404 - BA2,496,G,M,0.004907,0.1077,0.01999
LY-CoV1404 - BA2,496,G,N,0.004952,0.1077,0.01999
LY-CoV1404 - BA2,496,G,Q,0.005334,0.1077,0.01999
LY-CoV1404 - BA2,496,G,R,0.00479,0.1077,0.01999
LY-CoV1404 - BA2,496,G,S,0.004491,0.1077,0.01999
LY-CoV1404 - BA2,496,G,T,0.004459,0.1077,0.01999
LY-CoV1404 - BA2,496,G,V,0.004258,0.1077,0.01999
LY-CoV1404 - BA2,496,G,W,0.009688,0.1077,0.01999
LY-CoV1404 - BA2,496,G,Y,0.004441,0.1077,0.01999
LY-CoV1404 - BA2,498,R,A,0.0135,0.06218,0.0135
LY-CoV1404 - BA2,498,R,H,0.004626,0.06218,0.0135
LY-CoV1404 - BA2,498,R,K,0.006941,0.06218,0.0135
LY-CoV1404 - BA2,498,R,M,0.004802,0.06218,0.0135
LY-CoV1404 - BA2,498,R,Q,0.004483,0.06218,0.0135
LY-CoV1404 - BA2,498,R,T,0.01151,0.06218,0.0135
LY-CoV1404 - BA2,498,R,W,0.01027,0.06218,0.0135
LY-CoV1404 - BA2,498,R,Y,0.006057,0.06218,0.0135
LY-CoV1404 - BA2,499,P,A,0.01187,4.847,0.7531
LY-CoV1404 - BA2,499,P,D,0.6988,4.847,0.7531
LY-CoV1404 - BA2,499,P,E,0.6862,4.847,0.7531
LY-CoV1404 - BA2,499,P,G,0.01706,4.847,0.7531
LY-CoV1404 - BA2,499,P,H,0.7531,4.847,0.7531
LY-CoV1404 - BA2,499,P,K,0.6849,4.847,0.7531
LY-CoV1404 - BA2,499,P,N,0.5974,4.847,0.7531
LY-CoV1404 - BA2,499,P,Q,0.7147,4.847,0.7531
LY-CoV1404 - BA2,499,P,R,0.6604,4.847,0.7531
LY-CoV1404 - BA2,499,P,S,0.01531,4.847,0.7531
LY-CoV1404 - BA2,499,P,T,0.006999,4.847,0.7531
LY-CoV1404 - BA2,500,T,A,0.02962,2.366,0.7882
LY-CoV1404 - BA2,500,T,C,0.008316,2.366,0.7882
LY-CoV1404 - BA2,500,T,F,0.004623,2.366,0.7882
LY-CoV1404 - BA2,500,T,G,0.004869,2.366,0.7882
LY-CoV1404 - BA2,500,T,H,0.0103,2.366,0.7882
LY-CoV1404 - BA2,500,T,K,0.7692,2.366,0.7882
LY-CoV1404 - BA2,500,T,L,0.004924,2.366,0.7882
LY-CoV1404 - BA2,500,T,M,0.00399,2.366,0.7882
LY-CoV1404 - BA2,500,T,N,0.01051,2.366,0.7882
LY-CoV1404 - BA2,500,T,P,0.0218,2.366,0.7882
LY-CoV1404 - BA2,500,T,Q,0.00405,2.366,0.7882
LY-CoV1404 - BA2,500,T,R,0.6936,2.366,0.7882
LY-CoV1404 - BA2,500,T,S,0.005643,2.366,0.7882
LY-CoV1404 - BA2,500,T,W,0.7882,2.366,0.7882
LY-CoV1404 - BA2,500,T,Y,0.006155,2.366,0.7882
LY-CoV1404 - BA2,501,Y,F,0.00412,0.02138,0.006848
LY-CoV1404 - BA2,501,Y,M,0.006848,0.02138,0.006848
LY-CoV1404 - BA2,501,Y,T,0.005244,0.02138,0.006848
LY-CoV1404 - BA2,501,Y,W,0.005164,0.02138,0.006848
LY-CoV1404 - BA2,503,V,A,0.004749,0.1029,0.008816
LY-CoV1404 - BA2,503,V,C,0.005839,0.1029,0.008816
LY-CoV1404 - BA2,503,V,D,0.005316,0.1029,0.008816
LY-CoV1404 - BA2,503,V,E,0.004262,0.1029,0.008816
LY-CoV1404 - BA2,503,V,F,0.005197,0.1029,0.008816
LY-CoV1404 - BA2,503,V,G,0.004891,0.1029,0.008816
LY-CoV1404 - BA2,503,V,H,0.003663,0.1029,0.008816
LY-CoV1404 - BA2,503,V,I,0.007785,0.1029,0.008816
LY-CoV1404 - BA2,503,V,K,0.008816,0.1029,0.008816
LY-CoV1404 - BA2,503,V,L,0.005109,0.1029,0.008816
LY-CoV1404 - BA2,503,V,M,0.004073,0.1029,0.008816
LY-CoV1404 - BA2,503,V,N,0.006528,0.1029,0.008816
LY-CoV1404 - BA2,503,V,P,0.004268,0.1029,0.008816
LY-CoV1404 - BA2,503,V,Q,0.005427,0.1029,0.008816
LY-CoV1404 - BA2,503,V,R,0.004838,0.1029,0.008816
LY-CoV1404 - BA2,503,V,S,0.007284,0.1029,0.008816
LY-CoV1404 - BA2,503,V,T,0.005674,0.1029,0.008816
LY-CoV1404 - BA2,503,V,W,0.004036,0.1029,0.008816
LY-CoV1404 - BA2,503,V,Y,0.005181,0.1029,0.008816
LY-CoV1404 - BA2,504,G,A,0.005947,0.114,0.01203
LY-CoV1404 - BA2,504,G,C,0.004718,0.114,0.01203
LY-CoV1404 - BA2,504,G,D,0.004593,0.114,0.01203
LY-CoV1404 - BA2,504,G,E,0.005058,0.114,0.01203
LY-CoV1404 - BA2,504,G,F,0.007505,0.114,0.01203
LY-CoV1404 - BA2,504,G,H,0.005912,0.114,0.01203
LY-CoV1404 - BA2,504,G,I,0.01203,0.114,0.01203
LY-CoV1404 - BA2,504,G,K,0.005154,0.114,0.01203
LY-CoV1404 - BA2,504,G,L,0.005214,0.114,0.01203
LY-CoV1404 - BA2,504,G,M,0.00532,0.114,0.01203
LY-CoV1404 - BA2,504,G,N,0.003804,0.114,0.01203
LY-CoV1404 - BA2,504,G,P,0.01199,0.114,0.01203
LY-CoV1404 - BA2,504,G,Q,0.007028,0.114,0.01203
LY-CoV1404 - BA2,504,G,R,0.005129,0.114,0.01203
LY-CoV1404 - BA2,504,G,S,0.004033,0.114,0.01203
LY-CoV1404 - BA2,504,G,T,0.004953,0.114,0.01203
LY-CoV1404 - BA2,504,G,V,0.006537,0.114,0.01203
LY-CoV1404 - BA2,504,G,W,0.004199,0.114,0.01203
LY-CoV1404 - BA2,504,G,Y,0.004882,0.114,0.01203
LY-CoV1404 - BA2,505,H,A,0.006481,0.04082,0.006481
LY-CoV1404 - BA2,505,H,D,0.004639,0.04082,0.006481
LY-CoV1404 - BA2,505,H,E,0.002997,0.04082,0.006481
LY-CoV1404 - BA2,505,H,F,0.004244,0.04082,0.006481
LY-CoV1404 - BA2,505,H,N,0.004286,0.04082,0.006481
LY-CoV1404 - BA2,505,H,Q,0.004633,0.04082,0.006481
LY-CoV1404 - BA2,505,H,S,0.003985,0.04082,0.006481
LY-CoV1404 - BA2,505,H,W,0.003731,0.04082,0.006481
LY-CoV1404 - BA2,505,H,Y,0.005827,0.04082,0.006481
LY-CoV1404 - BA2,507,P,A,0.006703,0.006703,0.006703
LY-CoV1404 - BA2,508,Y,A,0.003931,0.06366,0.01096
LY-CoV1404 - BA2,508,Y,C,0.009202,0.06366,0.01096
LY-CoV1404 - BA2,508,Y,F,0.00709,0.06366,0.01096
LY-CoV1404 - BA2,508,Y,H,0.01096,0.06366,0.01096
LY-CoV1404 - BA2,508,Y,I,0.004017,0.06366,0.01096
LY-CoV1404 - BA2,508,Y,L,0.007652,0.06366,0.01096
LY-CoV1404 - BA2,508,Y,M,0.007202,0.06366,0.01096
LY-CoV1404 - BA2,508,Y,T,0.005655,0.06366,0.01096
LY-CoV1404 - BA2,508,Y,V,0.003763,0.06366,0.01096
LY-CoV1404 - BA2,508,Y,W,0.004189,0.06366,0.01096
LY-CoV1404 - BA2,510,V,C,0.008032,0.03409,0.02606
LY-CoV1404 - BA2,510,V,I,0.02606,0.03409,0.02606
LY-CoV1404 - BA2,513,L,I,0.009581,0.01457,0.009581
LY-CoV1404 - BA2,513,L,M,0.00499,0.01457,0.009581
LY-CoV1404 - BA2,514,S,A,0.005923,0.09143,0.01043
LY-CoV1404 - BA2,514,S,C,0.005168,0.09143,0.01043
LY-CoV1404 - BA2,514,S,F,0.006246,0.09143,0.01043
LY-CoV1404 - BA2,514,S,G,0.00719,0.09143,0.01043
LY-CoV1404 - BA2,514,S,H,0.00671,0.09143,0.01043
LY-CoV1404 - BA2,514,S,I,0.003465,0.09143,0.01043
LY-CoV1404 - BA2,514,S,K,0.008925,0.09143,0.01043
LY-CoV1404 - BA2,514,S,L,0.00389,0.09143,0.01043
LY-CoV1404 - BA2,514,S,M,0.005641,0.09143,0.01043
LY-CoV1404 - BA2,514,S,N,0.005691,0.09143,0.01043
LY-CoV1404 - BA2,514,S,Q,0.01043,0.09143,0.01043
LY-CoV1404 - BA2,514,S,R,0.005351,0.09143,0.01043
LY-CoV1404 - BA2,514,S,T,0.004471,0.09143,0.01043
LY-CoV1404 - BA2,514,S,V,0.004607,0.09143,0.01043
LY-CoV1404 - BA2,514,S,W,0.00445,0.09143,0.01043
LY-CoV1404 - BA2,514,S,Y,0.003275,0.09143,0.01043
LY-CoV1404 - BA2,515,F,L,0.007606,0.0174,0.007606
LY-CoV1404 - BA2,515,F,M,0.004353,0.0174,0.007606
LY-CoV1404 - BA2,515,F,Y,0.005443,0.0174,0.007606
LY-CoV1404 - BA2,516,E,D,0.00411,0.05404,0.01124
LY-CoV1404 - BA2,516,E,G,0.003932,0.05404,0.01124
LY-CoV1404 - BA2,516,E,H,0.004613,0.05404,0.01124
LY-CoV1404 - BA2,516,E,K,0.004038,0.05404,0.01124
LY-CoV1404 - BA2,516,E,N,0.006311,0.05404,0.01124
LY-CoV1404 - BA2,516,E,Q,0.005857,0.05404,0.01124
LY-CoV1404 - BA2,516,E,R,0.003293,0.05404,0.01124
LY-CoV1404 - BA2,516,E,S,0.004161,0.05404,0.01124
LY-CoV1404 - BA2,516,E,T,0.006478,0.05404,0.01124
LY-CoV1404 - BA2,516,E,W,0.01124,0.05404,0.01124
LY-CoV1404 - BA2,517,L,A,0.004735,0.1084,0.009699
LY-CoV1404 - BA2,517,L,C,0.00439,0.1084,0.009699
LY-CoV1404 - BA2,517,L,D,0.009494,0.1084,0.009699
LY-CoV1404 - BA2,517,L,E,0.00651,0.1084,0.009699
LY-CoV1404 - BA2,517,L,F,0.007107,0.1084,0.009699
LY-CoV1404 - BA2,517,L,G,0.004592,0.1084,0.009699
LY-CoV1404 - BA2,517,L,H,0.004288,0.1084,0.009699
LY-CoV1404 - BA2,517,L,I,0.004763,0.1084,0.009699
LY-CoV1404 - BA2,517,L,K,0.004899,0.1084,0.009699
LY-CoV1404 - BA2,517,L,M,0.005075,0.1084,0.009699
LY-CoV1404 - BA2,517,L,N,0.004962,0.1084,0.009699
LY-CoV1404 - BA2,517,L,P,0.005255,0.1084,0.009699
LY-CoV1404 - BA2,517,L,Q,0.00532,0.1084,0.009699
LY-CoV1404 - BA2,517,L,R,0.005522,0.1084,0.009699
LY-CoV1404 - BA2,517,L,S,0.005275,0.1084,0.009699
LY-CoV1404 - BA2,517,L,T,0.003445,0.1084,0.009699
LY-CoV1404 - BA2,517,L,V,0.009699,0.1084,0.009699
LY-CoV1404 - BA2,517,L,W,0.007587,0.1084,0.009699
LY-CoV1404 - BA2,517,L,Y,0.005503,0.1084,0.009699
LY-CoV1404 - BA2,518,L,A,0.003567,0.09181,0.007639
LY-CoV1404 - BA2,518,L,C,0.005472,0.09181,0.007639
LY-CoV1404 - BA2,518,L,D,0.003114,0.09181,0.007639
LY-CoV1404 - BA2,518,L,E,0.004462,0.09181,0.007639
LY-CoV1404 - BA2,518,L,F,0.007639,0.09181,0.007639
LY-CoV1404 - BA2,518,L,G,0.004192,0.09181,0.007639
LY-CoV1404 - BA2,518,L,H,0.00554,0.09181,0.007639
LY-CoV1404 - BA2,518,L,I,0.005221,0.09181,0.007639
LY-CoV1404 - BA2,518,L,K,0.003822,0.09181,0.007639
LY-CoV1404 - BA2,518,L,M,0.003726,0.09181,0.007639
LY-CoV1404 - BA2,518,L,N,0.005217,0.09181,0.007639
LY-CoV1404 - BA2,518,L,P,0.005255,0.09181,0.007639
LY-CoV1404 - BA2,518,L,Q,0.00492,0.09181,0.007639
LY-CoV1404 - BA2,518,L,R,0.004369,0.09181,0.007639
LY-CoV1404 - BA2,518,L,S,0.004052,0.09181,0.007639
LY-CoV1404 - BA2,518,L,T,0.004589,0.09181,0.007639
LY-CoV1404 - BA2,518,L,V,0.00734,0.09181,0.007639
LY-CoV1404 - BA2,518,L,W,0.00475,0.09181,0.007639
LY-CoV1404 - BA2,518,L,Y,0.004565,0.09181,0.007639
LY-CoV1404 - BA2,519,H,A,0.004095,0.1175,0.01755
LY-CoV1404 - BA2,519,H,C,0.004266,0.1175,0.01755
LY-CoV1404 - BA2,519,H,D,0.004407,0.1175,0.01755
LY-CoV1404 - BA2,519,H,E,0.003474,0.1175,0.01755
LY-CoV1404 - BA2,519,H,F,0.006041,0.1175,0.01755
LY-CoV1404 - BA2,519,H,G,0.003935,0.1175,0.01755
LY-CoV1404 - BA2,519,H,I,0.004078,0.1175,0.01755
LY-CoV1404 - BA2,519,H,K,0.004943,0.1175,0.01755
LY-CoV1404 - BA2,519,H,L,0.008314,0.1175,0.01755
LY-CoV1404 - BA2,519,H,M,0.007384,0.1175,0.01755
LY-CoV1404 - BA2,519,H,N,0.01027,0.1175,0.01755
LY-CoV1404 - BA2,519,H,P,0.01755,0.1175,0.01755
LY-CoV1404 - BA2,519,H,Q,0.004198,0.1175,0.01755
LY-CoV1404 - BA2,519,H,R,0.005745,0.1175,0.01755
LY-CoV1404 - BA2,519,H,S,0.009478,0.1175,0.01755
LY-CoV1404 - BA2,519,H,T,0.0042,0.1175,0.01755
LY-CoV1404 - BA2,519,H,V,0.005396,0.1175,0.01755
LY-CoV1404 - BA2,519,H,W,0.005328,0.1175,0.01755
LY-CoV1404 - BA2,519,H,Y,0.004389,0.1175,0.01755
LY-CoV1404 - BA2,520,A,C,0.004647,0.1102,0.011
LY-CoV1404 - BA2,520,A,D,0.004475,0.1102,0.011
LY-CoV1404 - BA2,520,A,E,0.003911,0.1102,0.011
LY-CoV1404 - BA2,520,A,F,0.008597,0.1102,0.011
LY-CoV1404 - BA2,520,A,G,0.004507,0.1102,0.011
LY-CoV1404 - BA2,520,A,H,0.004143,0.1102,0.011
LY-CoV1404 - BA2,520,A,I,0.004635,0.1102,0.011
LY-CoV1404 - BA2,520,A,K,0.005233,0.1102,0.011
LY-CoV1404 - BA2,520,A,L,0.005205,0.1102,0.011
LY-CoV1404 - BA2,520,A,M,0.005773,0.1102,0.011
LY-CoV1404 - BA2,520,A,N,0.003694,0.1102,0.011
LY-CoV1404 - BA2,520,A,P,0.004991,0.1102,0.011
LY-CoV1404 - BA2,520,A,Q,0.004725,0.1102,0.011
LY-CoV1404 - BA2,520,A,R,0.004239,0.1102,0.011
LY-CoV1404 - BA2,520,A,S,0.00517,0.1102,0.011
LY-CoV1404 - BA2,520,A,T,0.00876,0.1102,0.011
LY-CoV1404 - BA2,520,A,V,0.009871,0.1102,0.011
LY-CoV1404 - BA2,520,A,W,0.006598,0.1102,0.011
LY-CoV1404 - BA2,520,A,Y,0.011,0.1102,0.011
LY-CoV1404 - BA2,521,P,A,0.004216,0.07462,0.006552
LY-CoV1404 - BA2,521,P,C,0.004447,0.07462,0.006552
LY-CoV1404 - BA2,521,P,D,0.004702,0.07462,0.006552
LY-CoV1404 - BA2,521,P,E,0.005896,0.07462,0.006552
LY-CoV1404 - BA2,521,P,G,0.004659,0.07462,0.006552
LY-CoV1404 - BA2,521,P,H,0.006552,0.07462,0.006552
LY-CoV1404 - BA2,521,P,K,0.004416,0.07462,0.006552
LY-CoV1404 - BA2,521,P,M,0.006307,0.07462,0.006552
LY-CoV1404 - BA2,521,P,N,0.003789,0.07462,0.006552
LY-CoV1404 - BA2,521,P,Q,0.005025,0.07462,0.006552
LY-CoV1404 - BA2,521,P,R,0.005006,0.07462,0.006552
LY-CoV1404 - BA2,521,P,S,0.004603,0.07462,0.006552
LY-CoV1404 - BA2,521,P,T,0.003513,0.07462,0.006552
LY-CoV1404 - BA2,521,P,V,0.006109,0.07462,0.006552
LY-CoV1404 - BA2,521,P,Y,0.005378,0.07462,0.006552
LY-CoV1404 - BA2,522,A,C,0.009568,0.1126,0.0128
LY-CoV1404 - BA2,522,A,D,0.004259,0.1126,0.0128
LY-CoV1404 - BA2,522,A,E,0.004923,0.1126,0.0128
LY-CoV1404 - BA2,522,A,F,0.00608,0.1126,0.0128
LY-CoV1404 - BA2,522,A,G,0.004491,0.1126,0.0128
LY-CoV1404 - BA2,522,A,H,0.004393,0.1126,0.0128
LY-CoV1404 - BA2,522,A,I,0.003609,0.1126,0.0128
LY-CoV1404 - BA2,522,A,K,0.004918,0.1126,0.0128
LY-CoV1404 - BA2,522,A,L,0.004672,0.1126,0.0128
LY-CoV1404 - BA2,522,A,M,0.0128,0.1126,0.0128
LY-CoV1404 - BA2,522,A,N,0.01059,0.1126,0.0128
LY-CoV1404 - BA2,522,A,P,0.006551,0.1126,0.0128
LY-CoV1404 - BA2,522,A,Q,0.00358,0.1126,0.0128
LY-CoV1404 - BA2,522,A,R,0.006544,0.1126,0.0128
LY-CoV1404 - BA2,522,A,S,0.004629,0.1126,0.0128
LY-CoV1404 - BA2,522,A,T,0.004385,0.1126,0.0128
LY-CoV1404 - BA2,522,A,V,0.004252,0.1126,0.0128
LY-CoV1404 - BA2,522,A,W,0.005092,0.1126,0.0128
LY-CoV1404 - BA2,522,A,Y,0.007274,0.1126,0.0128
LY-CoV1404 - BA2,523,T,A,0.004958,0.1258,0.01797
LY-CoV1404 - BA2,523,T,C,0.009603,0.1258,0.01797
LY-CoV1404 - BA2,523,T,D,0.008095,0.1258,0.01797
LY-CoV1404 - BA2,523,T,E,0.003848,0.1258,0.01797
LY-CoV1404 - BA2,523,T,F,0.00421,0.1258,0.01797
LY-CoV1404 - BA2,523,T,G,0.004471,0.1258,0.01797
LY-CoV1404 - BA2,523,T,H,0.004264,0.1258,0.01797
LY-CoV1404 - BA2,523,T,I,0.004318,0.1258,0.01797
LY-CoV1404 - BA2,523,T,K,0.004624,0.1258,0.01797
LY-CoV1404 - BA2,523,T,L,0.005251,0.1258,0.01797
LY-CoV1404 - BA2,523,T,M,0.006256,0.1258,0.01797
LY-CoV1404 - BA2,523,T,N,0.008859,0.1258,0.01797
LY-CoV1404 - BA2,523,T,P,0.006868,0.1258,0.01797
LY-CoV1404 - BA2,523,T,Q,0.01797,0.1258,0.01797
LY-CoV1404 - BA2,523,T,R,0.01062,0.1258,0.01797
LY-CoV1404 - BA2,523,T,S,0.005179,0.1258,0.01797
LY-CoV1404 - BA2,523,T,V,0.005504,0.1258,0.01797
LY-CoV1404 - BA2,523,T,W,0.006113,0.1258,0.01797
LY-CoV1404 - BA2,523,T,Y,0.004782,0.1258,0.01797
LY-CoV1404 - BA2,524,V,A,0.005844,0.1197,0.01534
LY-CoV1404 - BA2,524,V,C,0.005398,0.1197,0.01534
LY-CoV1404 - BA2,524,V,D,0.01534,0.1197,0.01534
LY-CoV1404 - BA2,524,V,E,0.004013,0.1197,0.01534
LY-CoV1404 - BA2,524,V,F,0.006084,0.1197,0.01534
LY-CoV1404 - BA2,524,V,G,0.006823,0.1197,0.01534
LY-CoV1404 - BA2,524,V,H,0.006398,0.1197,0.01534
LY-CoV1404 - BA2,524,V,I,0.006541,0.1197,0.01534
LY-CoV1404 - BA2,524,V,K,0.006257,0.1197,0.01534
LY-CoV1404 - BA2,524,V,L,0.004332,0.1197,0.01534
LY-CoV1404 - BA2,524,V,M,0.004548,0.1197,0.01534
LY-CoV1404 - BA2,524,V,N,0.005412,0.1197,0.01534
LY-CoV1404 - BA2,524,V,P,0.008422,0.1197,0.01534
LY-CoV1404 - BA2,524,V,Q,0.0045,0.1197,0.01534
LY-CoV1404 - BA2,524,V,R,0.004484,0.1197,0.01534
LY-CoV1404 - BA2,524,V,S,0.008234,0.1197,0.01534
LY-CoV1404 - BA2,524,V,T,0.004929,0.1197,0.01534
LY-CoV1404 - BA2,524,V,W,0.004433,0.1197,0.01534
LY-CoV1404 - BA2,524,V,Y,0.00771,0.1197,0.01534
LY-CoV1404 - BA2,526,G,A,0.003886,0.1138,0.01049
LY-CoV1404 - BA2,526,G,C,0.007616,0.1138,0.01049
LY-CoV1404 - BA2,526,G,D,0.004124,0.1138,0.01049
LY-CoV1404 - BA2,526,G,E,0.006655,0.1138,0.01049
LY-CoV1404 - BA2,526,G,F,0.006586,0.1138,0.01049
LY-CoV1404 - BA2,526,G,H,0.009509,0.1138,0.01049
LY-CoV1404 - BA2,526,G,I,0.005078,0.1138,0.01049
LY-CoV1404 - BA2,526,G,K,0.004484,0.1138,0.01049
LY-CoV1404 - BA2,526,G,L,0.01049,0.1138,0.01049
LY-CoV1404 - BA2,526,G,M,0.005639,0.1138,0.01049
LY-CoV1404 - BA2,526,G,N,0.007014,0.1138,0.01049
LY-CoV1404 - BA2,526,G,P,0.003687,0.1138,0.01049
LY-CoV1404 - BA2,526,G,Q,0.008161,0.1138,0.01049
LY-CoV1404 - BA2,526,G,R,0.003732,0.1138,0.01049
LY-CoV1404 - BA2,526,G,S,0.004248,0.1138,0.01049
LY-CoV1404 - BA2,526,G,T,0.007126,0.1138,0.01049
LY-CoV1404 - BA2,526,G,V,0.004224,0.1138,0.01049
LY-CoV1404 - BA2,526,G,W,0.006935,0.1138,0.01049
LY-CoV1404 - BA2,526,G,Y,0.004609,0.1138,0.01049
LY-CoV1404 - BA2,527,P,A,0.00523,0.1089,0.01241
LY-CoV1404 - BA2,527,P,C,0.004626,0.1089,0.01241
LY-CoV1404 - BA2,527,P,D,0.004632,0.1089,0.01241
LY-CoV1404 - BA2,527,P,E,0.009683,0.1089,0.01241
LY-CoV1404 - BA2,527,P,F,0.004206,0.1089,0.01241
LY-CoV1404 - BA2,527,P,G,0.006304,0.1089,0.01241
LY-CoV1404 - BA2,527,P,H,0.004559,0.1089,0.01241
LY-CoV1404 - BA2,527,P,I,0.004173,0.1089,0.01241
LY-CoV1404 - BA2,527,P,K,0.01241,0.1089,0.01241
LY-CoV1404 - BA2,527,P,L,0.003995,0.1089,0.01241
LY-CoV1404 - BA2,527,P,M,0.004763,0.1089,0.01241
LY-CoV1404 - BA2,527,P,N,0.004488,0.1089,0.01241
LY-CoV1404 - BA2,527,P,Q,0.00514,0.1089,0.01241
LY-CoV1404 - BA2,527,P,R,0.004419,0.1089,0.01241
LY-CoV1404 - BA2,527,P,S,0.008852,0.1089,0.01241
LY-CoV1404 - BA2,527,P,T,0.004822,0.1089,0.01241
LY-CoV1404 - BA2,527,P,V,0.006482,0.1089,0.01241
LY-CoV1404 - BA2,527,P,W,0.004255,0.1089,0.01241
LY-CoV1404 - BA2,527,P,Y,0.005893,0.1089,0.01241
LY-CoV1404 - BA2,528,K,A,0.006737,0.1085,0.007697
LY-CoV1404 - BA2,528,K,C,0.004571,0.1085,0.007697
LY-CoV1404 - BA2,528,K,D,0.007102,0.1085,0.007697
LY-CoV1404 - BA2,528,K,E,0.005162,0.1085,0.007697
LY-CoV1404 - BA2,528,K,F,0.004103,0.1085,0.007697
LY-CoV1404 - BA2,528,K,G,0.006055,0.1085,0.007697
LY-CoV1404 - BA2,528,K,H,0.007697,0.1085,0.007697
LY-CoV1404 - BA2,528,K,I,0.004846,0.1085,0.007697
LY-CoV1404 - BA2,528,K,L,0.007535,0.1085,0.007697
LY-CoV1404 - BA2,528,K,M,0.007078,0.1085,0.007697
LY-CoV1404 - BA2,528,K,N,0.004171,0.1085,0.007697
LY-CoV1404 - BA2,528,K,P,0.005171,0.1085,0.007697
LY-CoV1404 - BA2,528,K,Q,0.006087,0.1085,0.007697
LY-CoV1404 - BA2,528,K,R,0.004814,0.1085,0.007697
LY-CoV1404 - BA2,528,K,S,0.005156,0.1085,0.007697
LY-CoV1404 - BA2,528,K,T,0.005792,0.1085,0.007697
LY-CoV1404 - BA2,528,K,V,0.005013,0.1085,0.007697
LY-CoV1404 - BA2,528,K,W,0.004936,0.1085,0.007697
LY-CoV1404 - BA2,528,K,Y,0.006507,0.1085,0.007697
LY-CoV1404 - BA2,529,K,A,0.003507,0.1031,0.01104
LY-CoV1404 - BA2,529,K,C,0.004401,0.1031,0.01104
LY-CoV1404 - BA2,529,K,D,0.004913,0.1031,0.01104
LY-CoV1404 - BA2,529,K,E,0.004817,0.1031,0.01104
LY-CoV1404 - BA2,529,K,F,0.004844,0.1031,0.01104
LY-CoV1404 - BA2,529,K,G,0.006505,0.1031,0.01104
LY-CoV1404 - BA2,529,K,H,0.004921,0.1031,0.01104
LY-CoV1404 - BA2,529,K,I,0.004447,0.1031,0.01104
LY-CoV1404 - BA2,529,K,L,0.01104,0.1031,0.01104
LY-CoV1404 - BA2,529,K,M,0.007241,0.1031,0.01104
LY-CoV1404 - BA2,529,K,N,0.009802,0.1031,0.01104
LY-CoV1404 - BA2,529,K,P,0.004084,0.1031,0.01104
LY-CoV1404 - BA2,529,K,Q,0.003977,0.1031,0.01104
LY-CoV1404 - BA2,529,K,R,0.003979,0.1031,0.01104
LY-CoV1404 - BA2,529,K,S,0.004722,0.1031,0.01104
LY-CoV1404 - BA2,529,K,T,0.004662,0.1031,0.01104
LY-CoV1404 - BA2,529,K,V,0.004456,0.1031,0.01104
LY-CoV1404 - BA2,529,K,W,0.004575,0.1031,0.01104
LY-CoV1404 - BA2,529,K,Y,0.00617,0.1031,0.01104
LY-CoV1404 - BA2,530,S,A,0.01319,0.1203,0.01588
LY-CoV1404 - BA2,530,S,C,0.003909,0.1203,0.01588
LY-CoV1404 - BA2,530,S,D,0.004221,0.1203,0.01588
LY-CoV1404 - BA2,530,S,E,0.007468,0.1203,0.01588
LY-CoV1404 - BA2,530,S,F,0.004578,0.1203,0.01588
LY-CoV1404 - BA2,530,S,G,0.004021,0.1203,0.01588
LY-CoV1404 - BA2,530,S,H,0.003465,0.1203,0.01588
LY-CoV1404 - BA2,530,S,I,0.004601,0.1203,0.01588
LY-CoV1404 - BA2,530,S,K,0.004064,0.1203,0.01588
LY-CoV1404 - BA2,530,S,L,0.005083,0.1203,0.01588
LY-CoV1404 - BA2,530,S,M,0.00382,0.1203,0.01588
LY-CoV1404 - BA2,530,S,N,0.004945,0.1203,0.01588
LY-CoV1404 - BA2,530,S,P,0.004151,0.1203,0.01588
LY-CoV1404 - BA2,530,S,Q,0.01238,0.1203,0.01588
LY-CoV1404 - BA2,530,S,R,0.005624,0.1203,0.01588
LY-CoV1404 - BA2,530,S,T,0.006041,0.1203,0.01588
LY-CoV1404 - BA2,530,S,V,0.006512,0.1203,0.01588
LY-CoV1404 - BA2,530,S,W,0.01588,0.1203,0.01588
LY-CoV1404 - BA2,530,S,Y,0.006376,0.1203,0.01588
LY-CoV1404 - BA2,531,T,A,0.004801,0.09812,0.008692
LY-CoV1404 - BA2,531,T,C,0.005309,0.09812,0.008692
LY-CoV1404 - BA2,531,T,D,0.005101,0.09812,0.008692
LY-CoV1404 - BA2,531,T,E,0.005673,0.09812,0.008692
LY-CoV1404 - BA2,531,T,F,0.008692,0.09812,0.008692
LY-CoV1404 - BA2,531,T,G,0.004947,0.09812,0.008692
LY-CoV1404 - BA2,531,T,H,0.006803,0.09812,0.008692
LY-CoV1404 - BA2,531,T,I,0.005239,0.09812,0.008692
LY-CoV1404 - BA2,531,T,K,0.004579,0.09812,0.008692
LY-CoV1404 - BA2,531,T,L,0.004458,0.09812,0.008692
LY-CoV1404 - BA2,531,T,M,0.003867,0.09812,0.008692
LY-CoV1404 - BA2,531,T,N,0.00474,0.09812,0.008692
LY-CoV1404 - BA2,531,T,P,0.004809,0.09812,0.008692
LY-CoV1404 - BA2,531,T,Q,0.006198,0.09812,0.008692
LY-CoV1404 - BA2,531,T,R,0.003997,0.09812,0.008692
LY-CoV1404 - BA2,531,T,S,0.005347,0.09812,0.008692
LY-CoV1404 - BA2,531,T,V,0.004123,0.09812,0.008692
LY-CoV1404 - BA2,531,T,W,0.004728,0.09812,0.008692
LY-CoV1404 - BA2,531,T,Y,0.004712,0.09812,0.008692
